"Source","Reference","Target","Status"
"index.html","./Elevate%204D/Categorias%20Restritas/LIBERACAO-CATEGORIAS-RESTRITAS.html","Elevate 4D\Categorias Restritas\LIBERACAO-CATEGORIAS-RESTRITAS.html","OK"
"index.html","#welcome","index.html","OK"
"index.html","#elite","index.html","OK"
"index.html","#carteiras","index.html","OK"
"index.html","#recrutamento","index.html","OK"
"index.html","#start","index.html","OK"
"index.html","#metodo","index.html","OK"
"index.html","#formacao","index.html","OK"
"index.html","#live-que-vende","index.html","OK"
"index.html","#datas","index.html","OK"
"index.html","#datas-anteriores","index.html","OK"
"index.html","#fluxo","index.html","OK"
"index.html","#comercial","index.html","OK"
"index.html","#onboarding","index.html","OK"
"index.html","#cliente","index.html","OK"
"index.html","#marketplaces","index.html","OK"
"index.html","#categorias","index.html","OK"
"index.html","#analises","index.html","OK"
"index.html","./Boas-Vindas/BEM-VINDO-ELEVATE.html","Boas-Vindas\BEM-VINDO-ELEVATE.html","OK"
"index.html","./Time%20de%20Elite/BLACK-PANTHER-JULHO-2026.html","Time de Elite\BLACK-PANTHER-JULHO-2026.html","OK"
"index.html","./Carteiras/CARTEIRAS-POR-SUPERVISOR.html","Carteiras\CARTEIRAS-POR-SUPERVISOR.html","OK"
"index.html","./Recrutamento/AVALIACAO-PERFIL-CS.html","Recrutamento\AVALIACAO-PERFIL-CS.html","OK"
"index.html","./Elevate%204D/Visao%20Geral/ELEVATE-4D-VISAO-GERAL.html","Elevate 4D\Visao Geral\ELEVATE-4D-VISAO-GERAL.html","OK"
"index.html","./Elevate%204D/One-Pager/ELEVATE-4D-ONE-PAGER.html","Elevate 4D\One-Pager\ELEVATE-4D-ONE-PAGER.html","OK"
"index.html","./Mercado%20Livre%204D/Visao%20Geral/VISAO-GERAL-ML.html","Mercado Livre 4D\Visao Geral\VISAO-GERAL-ML.html","OK"
"index.html","./Mercado%20Livre%204D/One-Pager/ONE-PAGER-ML.html","Mercado Livre 4D\One-Pager\ONE-PAGER-ML.html","OK"
"index.html","./Elevate%204D/Metodologia/ELEVATE-4D-METODOLOGIA-DIAGNOSTICO.html","Elevate 4D\Metodologia\ELEVATE-4D-METODOLOGIA-DIAGNOSTICO.html","OK"
"index.html","./Elevate%204D/README.html","Elevate 4D\README.html","OK"
"index.html","./Formacao/FUNDAMENTOS-MERCADO-LIVRE.html","Formacao\FUNDAMENTOS-MERCADO-LIVRE.html","OK"
"index.html","./Formacao/FUNDAMENTOS-TIKTOK-SHOP.html","Formacao\FUNDAMENTOS-TIKTOK-SHOP.html","OK"
"index.html","./Formacao/BOAS-PRATICAS-LIVE-TIKTOK.html","Formacao\BOAS-PRATICAS-LIVE-TIKTOK.html","OK"
"index.html","./Formacao/GUIA-CRIADOR-AUTORIZAR-ANUNCIOS.html","Formacao\GUIA-CRIADOR-AUTORIZAR-ANUNCIOS.html","OK"
"index.html","./Formacao/RECOMENDACOES-EXPLORACAO-ADS.html","Formacao\RECOMENDACOES-EXPLORACAO-ADS.html","OK"
"index.html","./Formacao/Live%20que%20Vende/","Formacao\Live que Vende\index.html","OK"
"index.html","./Formacao/Live%20que%20Vende/Programa-Formacao-Live-que-Vende.html","Formacao\Live que Vende\Programa-Formacao-Live-que-Vende.html","OK"
"index.html","./Formacao/Live%20que%20Vende/Proposta-Formacao-Live-que-Vende.html","Formacao\Live que Vende\Proposta-Formacao-Live-que-Vende.html","OK"
"index.html","./Formacao/Live%20que%20Vende/Guia-Setup-Equipamentos.html","Formacao\Live que Vende\Guia-Setup-Equipamentos.html","OK"
"index.html","./Campanhas/CAMPANHA-8-8-TIKTOK-SHOP.html","Campanhas\CAMPANHA-8-8-TIKTOK-SHOP.html","OK"
"index.html","./Campanhas/CAMPANHA-7-7-TIKTOK-SHOP.html","Campanhas\CAMPANHA-7-7-TIKTOK-SHOP.html","OK"
"index.html","./Mercado%20Livre%204D/Analise%20de%20Conta/MODO-ANALISE-CONTA-ML.html","Mercado Livre 4D\Analise de Conta\MODO-ANALISE-CONTA-ML.html","OK"
"index.html","./Elevate%204D/Fluxo%20de%20Classificacao/Guia%20de%20Coleta/GUIA-COLETA-DADOS-4D.html","Elevate 4D\Fluxo de Classificacao\Guia de Coleta\GUIA-COLETA-DADOS-4D.html","OK"
"index.html","./Elevate%204D/Fluxo%20de%20Classificacao/SOP/FLUXO-CLASSIFICACAO-4D.html","Elevate 4D\Fluxo de Classificacao\SOP\FLUXO-CLASSIFICACAO-4D.html","OK"
"index.html","./Elevate%204D/Fluxo%20de%20Classificacao/Prompt/PROMPT-CLASSIFICACAO-4D.html","Elevate 4D\Fluxo de Classificacao\Prompt\PROMPT-CLASSIFICACAO-4D.html","OK"
"index.html","./Elevate%204D/Fluxo%20de%20Classificacao/ENTRADA-DADOS-4D.html","Elevate 4D\Fluxo de Classificacao\ENTRADA-DADOS-4D.html","OK"
"index.html","./Elevate%204D/Fluxo%20de%20Classificacao/MODELO-PLANEJAMENTO-ESTRATEGICO-4D.html","Elevate 4D\Fluxo de Classificacao\MODELO-PLANEJAMENTO-ESTRATEGICO-4D.html","OK"
"index.html","./Elevate%204D/Fluxo%20de%20Classificacao/MODELO-RELATORIO-4D.html","Elevate 4D\Fluxo de Classificacao\MODELO-RELATORIO-4D.html","OK"
"index.html","./Elevate%204D/Fluxo%20de%20Classificacao/CALCULADORA-4D.xlsx","Elevate 4D\Fluxo de Classificacao\CALCULADORA-4D.xlsx","OK"
"index.html","./Elevate%204D/Fluxo%20de%20Classificacao/PAINEL-PORTFOLIO-4D.xlsx","Elevate 4D\Fluxo de Classificacao\PAINEL-PORTFOLIO-4D.xlsx","OK"
"index.html","./Elevate%204D/Diagnostico%20Estrategico/MODELO-DIAGNOSTICO-ESTRATEGICO-4D.html","Elevate 4D\Diagnostico Estrategico\MODELO-DIAGNOSTICO-ESTRATEGICO-4D.html","OK"
"index.html","./Comercial/APRESENTACAO-TIKTOK-SHOP.html","Comercial\APRESENTACAO-TIKTOK-SHOP.html","OK"
"index.html","./Comercial/APRESENTACAO-TIKTOK-SHOP.html?semvalor","Comercial\APRESENTACAO-TIKTOK-SHOP.html","OK"
"index.html","./Comercial/ROTEIRO-CANVA-APRESENTACAO-TIKTOK.html","Comercial\ROTEIRO-CANVA-APRESENTACAO-TIKTOK.html","OK"
"index.html","./Comercial/APRESENTACAO-MERCADO-LIVRE.html","Comercial\APRESENTACAO-MERCADO-LIVRE.html","OK"
"index.html","./Comercial/APRESENTACAO-MERCADO-LIVRE.html?semvalor","Comercial\APRESENTACAO-MERCADO-LIVRE.html","OK"
"index.html","./Comercial/APRESENTACAO-SHOPEE.html","Comercial\APRESENTACAO-SHOPEE.html","OK"
"index.html","./Comercial/APRESENTACAO-SHOPEE.html?semvalor","Comercial\APRESENTACAO-SHOPEE.html","OK"
"index.html","./Comercial/APRESENTACAO-MARKETPLACES.html","Comercial\APRESENTACAO-MARKETPLACES.html","OK"
"index.html","./Comercial/APRESENTACAO-MARKETPLACES.html?semvalor","Comercial\APRESENTACAO-MARKETPLACES.html","OK"
"index.html","./Elevate%204D/Playbook%20de%20Implantacao/PLAYBOOK-IMPLANTACAO-4D.html","Elevate 4D\Playbook de Implantacao\PLAYBOOK-IMPLANTACAO-4D.html","OK"
"index.html","./Elevate%204D/Playbook%20de%20Implantacao/FLUXO-ONBOARDING.html","Elevate 4D\Playbook de Implantacao\FLUXO-ONBOARDING.html","OK"
"index.html","./Elevate%204D/Playbook%20de%20Implantacao/GUIA-REUNIOES-CAPACITACAO-4D.html","Elevate 4D\Playbook de Implantacao\GUIA-REUNIOES-CAPACITACAO-4D.html","OK"
"index.html","./Elevate%204D/Playbook%20de%20Implantacao/CHECKLIST-ONBOARDING-4D.xlsx","Elevate 4D\Playbook de Implantacao\CHECKLIST-ONBOARDING-4D.xlsx","OK"
"index.html","./Elevate%204D/Playbook%20de%20Implantacao/CHECKLIST-INTERNO-CONTA-RODANDO.html","Elevate 4D\Playbook de Implantacao\CHECKLIST-INTERNO-CONTA-RODANDO.html","OK"
"index.html","./Aulas%20e%20Materiais/index.html","Aulas e Materiais\index.html","OK"
"index.html","./Landing%20Onboarding/index.html#reunioes","Landing Onboarding\index.html","OK"
"index.html","./Elevate%204D/Playbook%20de%20Implantacao/Documentos%20para%20o%20Cliente/KIT-ENTRADA-DOCUMENTOS.html","Elevate 4D\Playbook de Implantacao\Documentos para o Cliente\KIT-ENTRADA-DOCUMENTOS.html","OK"
"index.html","./Elevate%204D/Playbook%20de%20Implantacao/Documentos%20para%20o%20Cliente/COMO-PREENCHER-PRECIFICACAO.html","Elevate 4D\Playbook de Implantacao\Documentos para o Cliente\COMO-PREENCHER-PRECIFICACAO.html","OK"
"index.html","./Elevate%204D/Playbook%20de%20Implantacao/Documentos%20para%20o%20Cliente/TUTORIAL-ACESSO-COLABORADOR.html","Elevate 4D\Playbook de Implantacao\Documentos para o Cliente\TUTORIAL-ACESSO-COLABORADOR.html","OK"
"index.html","./Elevate%204D/Playbook%20de%20Implantacao/Documentos%20para%20o%20Cliente/TUTORIAL-ACESSO-COLABORADOR.pdf","Elevate 4D\Playbook de Implantacao\Documentos para o Cliente\TUTORIAL-ACESSO-COLABORADOR.pdf","OK"
"index.html","./Elevate%204D/Playbook%20de%20Implantacao/Documentos%20para%20o%20Cliente/TUTORIAL-CONECTAR-CONTA-ADS.html","Elevate 4D\Playbook de Implantacao\Documentos para o Cliente\TUTORIAL-CONECTAR-CONTA-ADS.html","OK"
"index.html","./Elevate%204D/Playbook%20de%20Implantacao/Documentos%20para%20o%20Cliente/TUTORIAL-CONECTAR-ADS-AO-BC-ELEVATE.html","Elevate 4D\Playbook de Implantacao\Documentos para o Cliente\TUTORIAL-CONECTAR-ADS-AO-BC-ELEVATE.html","OK"
"index.html","./Elevate%204D/Playbook%20de%20Implantacao/Documentos%20para%20o%20Cliente/ONE-PAGER-GROWTH-CAMP.html","Elevate 4D\Playbook de Implantacao\Documentos para o Cliente\ONE-PAGER-GROWTH-CAMP.html","OK"
"index.html","./Elevate%204D/Playbook%20de%20Implantacao/Documentos%20para%20o%20Cliente/ONE-PAGER-GROWTH-CAMP.pdf","Elevate 4D\Playbook de Implantacao\Documentos para o Cliente\ONE-PAGER-GROWTH-CAMP.pdf","OK"
"index.html","./Elevate%204D/Playbook%20de%20Implantacao/Documentos%20para%20o%20Cliente/TUTORIAL-ACESSO-TIKTOK-STUDIO.html","Elevate 4D\Playbook de Implantacao\Documentos para o Cliente\TUTORIAL-ACESSO-TIKTOK-STUDIO.html","OK"
"index.html","./Elevate%204D/Playbook%20de%20Implantacao/Documentos%20para%20o%20Cliente/TUTORIAL-CADASTRO-CONTA-BANCARIA.html","Elevate 4D\Playbook de Implantacao\Documentos para o Cliente\TUTORIAL-CADASTRO-CONTA-BANCARIA.html","OK"
"index.html","./Elevate%204D/Playbook%20de%20Implantacao/Documentos%20para%20o%20Cliente/CHECKLIST-CONTA-RODANDO.html","Elevate 4D\Playbook de Implantacao\Documentos para o Cliente\CHECKLIST-CONTA-RODANDO.html","OK"
"index.html","./ETOK/GUIA-CADASTRO-ETOK.html","ETOK\GUIA-CADASTRO-ETOK.html","OK"
"index.html","./Entregaveis/Creators-Master/index.html","Entregaveis\Creators-Master\index.html","OK"
"index.html","./Entregaveis/Top-Marcas-TikTokShop/index.html","Entregaveis\Top-Marcas-TikTokShop\index.html","OK"
"index.html","./Entregaveis/Roadmap-TikTokShop/index.html","Entregaveis\Roadmap-TikTokShop\index.html","OK"
"index.html","./Entregaveis/Metodo-TikTokShop/index.html","Entregaveis\Metodo-TikTokShop\index.html","OK"
"index.html","./Entregaveis/Comparativo-TikTok-Shop-Jun-Jul/index.html","Entregaveis\Comparativo-TikTok-Shop-Jun-Jul\index.html","MISSING_FILE"
"index.html","./Entregaveis/Analise-Nicho-Beleza/index.html","Entregaveis\Analise-Nicho-Beleza\index.html","OK"
"index.html","./Entregaveis/Analise-Roupas-Femininas/index.html","Entregaveis\Analise-Roupas-Femininas\index.html","OK"
"index.html","./Entregaveis/Analise-Esportes/index.html","Entregaveis\Analise-Esportes\index.html","OK"
"index.html","./Entregaveis/Analise-Saude/index.html","Entregaveis\Analise-Saude\index.html","OK"
"index.html","./Entregaveis/Analise-Telefones-Eletronicos/index.html","Entregaveis\Analise-Telefones-Eletronicos\index.html","OK"
"index.html","./Entregaveis/Analise-Roupas-Masculinas/index.html","Entregaveis\Analise-Roupas-Masculinas\index.html","OK"
"index.html","./Entregaveis/Analise-Utensilios-Cozinha/index.html","Entregaveis\Analise-Utensilios-Cozinha\index.html","OK"
"index.html","./Entregaveis/Analise-Suprimentos-Domesticos/index.html","Entregaveis\Analise-Suprimentos-Domesticos\index.html","OK"
"index.html","./Entregaveis/Analise-Texteis-Moveis/index.html","Entregaveis\Analise-Texteis-Moveis\index.html","OK"
"index.html","./Entregaveis/Creators-Acessorios/index.html","Entregaveis\Creators-Acessorios\index.html","OK"
"index.html","./Entregaveis/Analise-Sapatos/index.html","Entregaveis\Analise-Sapatos\index.html","OK"
"index.html","./Entregaveis/Analise-Eletrodomesticos/index.html","Entregaveis\Analise-Eletrodomesticos\index.html","OK"
"index.html","./Entregaveis/Analise-Ferramentas-Hardware/index.html","Entregaveis\Analise-Ferramentas-Hardware\index.html","OK"
"index.html","./Entregaveis/Analise-Malas-Bolsas/index.html","Entregaveis\Analise-Malas-Bolsas\index.html","OK"
"index.html","./Entregaveis/Analise-Moda-Infantil/index.html","Entregaveis\Analise-Moda-Infantil\index.html","OK"
"index.html","./Entregaveis/Analise-Computadores-Escritorio/index.html","Entregaveis\Analise-Computadores-Escritorio\index.html","OK"
"index.html","./Entregaveis/Analise-Automotivo-Moto/index.html","Entregaveis\Analise-Automotivo-Moto\index.html","OK"
"index.html","./Entregaveis/Analise-Reformas-Residenciais/index.html","Entregaveis\Analise-Reformas-Residenciais\index.html","OK"
"index.html","./Entregaveis/Analise-Alimentos-Bebidas/index.html","Entregaveis\Analise-Alimentos-Bebidas\index.html","OK"
"index.html","./Entregaveis/Analise-Livros-Revistas/index.html","Entregaveis\Analise-Livros-Revistas\index.html","OK"
"index.html","./Entregaveis/Analise-Brinquedos-Passatempos/index.html","Entregaveis\Analise-Brinquedos-Passatempos\index.html","OK"
"index.html","./Entregaveis/Analise-Joias-Acessorios/index.html","Entregaveis\Analise-Joias-Acessorios\index.html","OK"
"index.html","./Entregaveis/Analise-Moveis/index.html","Entregaveis\Analise-Moveis\index.html","OK"
"index.html","./Entregaveis/Analise-Pet/index.html","Entregaveis\Analise-Pet\index.html","OK"
"index.html","./Entregaveis/Analise-Bebe-Maternidade/index.html","Entregaveis\Analise-Bebe-Maternidade\index.html","OK"
"index.html","./Entregaveis/Analise-Colecionaveis/index.html","Entregaveis\Analise-Colecionaveis\index.html","OK"
"index.html","./Entregaveis/Analise-Moda-Muculmana/index.html","Entregaveis\Analise-Moda-Muculmana\index.html","OK"
"index.html","./Entregaveis/Analise-Lirios-Store/index.html","Entregaveis\Analise-Lirios-Store\index.html","OK"
"index.html","./Entregaveis/Mapa-Oportunidade-Categorias/Mapa_Oportunidade.html","Entregaveis\Mapa-Oportunidade-Categorias\Mapa_Oportunidade.html","OK"
"index.html","./Entregaveis/Mapa-Oportunidade-Categorias/Mapa_Oportunidade.pdf","Entregaveis\Mapa-Oportunidade-Categorias\Mapa_Oportunidade.pdf","OK"
"Aulas e Materiais\01-onboarding-fundamentos-tts.html","conta-bancaria.html","Aulas e Materiais\conta-bancaria.html","OK"
"Aulas e Materiais\01-onboarding-fundamentos-tts.html","slides/tts-15.png","Aulas e Materiais\slides\tts-15.png","OK"
"Aulas e Materiais\01-onboarding-fundamentos-tts.html","slides/tts-16.png","Aulas e Materiais\slides\tts-16.png","OK"
"Aulas e Materiais\01-onboarding-fundamentos-tts.html","slides/tts-17.png","Aulas e Materiais\slides\tts-17.png","OK"
"Aulas e Materiais\01-onboarding-fundamentos-tts.html","slides/tts-18.png","Aulas e Materiais\slides\tts-18.png","OK"
"Aulas e Materiais\01-onboarding-fundamentos-tts.html","slides/tts-19.png","Aulas e Materiais\slides\tts-19.png","OK"
"Aulas e Materiais\01-onboarding-fundamentos-tts.html","slides/tts-20.png","Aulas e Materiais\slides\tts-20.png","OK"
"Aulas e Materiais\01-onboarding-fundamentos-tts.html","slides/tts-21.png","Aulas e Materiais\slides\tts-21.png","OK"
"Aulas e Materiais\01-onboarding-fundamentos-tts.html","slides/tts-22.png","Aulas e Materiais\slides\tts-22.png","OK"
"Aulas e Materiais\01-onboarding-fundamentos-tts.html","slides/tts-23.png","Aulas e Materiais\slides\tts-23.png","OK"
"Aulas e Materiais\01-onboarding-fundamentos-tts.html","slides/tts-29.png","Aulas e Materiais\slides\tts-29.png","OK"
"Aulas e Materiais\01-onboarding-fundamentos-tts.html","slides/tts-03.png","Aulas e Materiais\slides\tts-03.png","OK"
"Aulas e Materiais\01-onboarding-fundamentos-tts.html","slides/tts-05.png","Aulas e Materiais\slides\tts-05.png","OK"
"Aulas e Materiais\01-onboarding-fundamentos-tts.html","conta-bancaria.html","Aulas e Materiais\conta-bancaria.html","OK"
"Aulas e Materiais\01-onboarding-fundamentos-tts.html","acesso-colaborador.html","Aulas e Materiais\acesso-colaborador.html","OK"
"Aulas e Materiais\02-catalogo-oferta-precificacao.html","acesso-colaborador.html","Aulas e Materiais\acesso-colaborador.html","OK"
"Aulas e Materiais\03-trafego-boost.html","autorizacao-ads-creator.html","Aulas e Materiais\autorizacao-ads-creator.html","OK"
"Aulas e Materiais\index.html","../index.html","index.html","OK"
"Aulas e Materiais\index.html","./01-onboarding-fundamentos-tts.html","Aulas e Materiais\01-onboarding-fundamentos-tts.html","OK"
"Aulas e Materiais\index.html","./02-catalogo-oferta-precificacao.html","Aulas e Materiais\02-catalogo-oferta-precificacao.html","OK"
"Aulas e Materiais\index.html","./03-trafego-boost.html","Aulas e Materiais\03-trafego-boost.html","OK"
"Aulas e Materiais\index.html","./04-creators-afiliados.html","Aulas e Materiais\04-creators-afiliados.html","OK"
"Aulas e Materiais\index.html","./05-lives-live-commerce.html","Aulas e Materiais\05-lives-live-commerce.html","OK"
"Aulas e Materiais\index.html","./06-conteudo-que-vende.html","Aulas e Materiais\06-conteudo-que-vende.html","OK"
"Aulas e Materiais\index.html","./07-ferramentas-promocoes.html","Aulas e Materiais\07-ferramentas-promocoes.html","OK"
"Aulas e Materiais\index.html","./08-dados-logistica-fechamento-tts.html","Aulas e Materiais\08-dados-logistica-fechamento-tts.html","OK"
"Aulas e Materiais\index.html","./conta-bancaria.html","Aulas e Materiais\conta-bancaria.html","OK"
"Aulas e Materiais\index.html","./acesso-colaborador.html","Aulas e Materiais\acesso-colaborador.html","OK"
"Aulas e Materiais\index.html","./autorizacao-ads-creator.html","Aulas e Materiais\autorizacao-ads-creator.html","OK"
"Boas-Vindas\BEM-VINDO-ELEVATE.html","../index.html","index.html","OK"
"Boas-Vindas\BEM-VINDO-ELEVATE.html","#grupo","Boas-Vindas\BEM-VINDO-ELEVATE.html","OK"
"Boas-Vindas\BEM-VINDO-ELEVATE.html","#cultura","Boas-Vindas\BEM-VINDO-ELEVATE.html","OK"
"Boas-Vindas\BEM-VINDO-ELEVATE.html","#estrutura","Boas-Vindas\BEM-VINDO-ELEVATE.html","OK"
"Boas-Vindas\BEM-VINDO-ELEVATE.html","#papeis","Boas-Vindas\BEM-VINDO-ELEVATE.html","OK"
"Boas-Vindas\BEM-VINDO-ELEVATE.html","#squads","Boas-Vindas\BEM-VINDO-ELEVATE.html","OK"
"Boas-Vindas\BEM-VINDO-ELEVATE.html","#carreira","Boas-Vindas\BEM-VINDO-ELEVATE.html","OK"
"Boas-Vindas\BEM-VINDO-ELEVATE.html","#metas","Boas-Vindas\BEM-VINDO-ELEVATE.html","OK"
"Boas-Vindas\BEM-VINDO-ELEVATE.html","#passos","Boas-Vindas\BEM-VINDO-ELEVATE.html","OK"
"Boas-Vindas\BEM-VINDO-ELEVATE.html","../Elevate%204D/Visao%20Geral/ELEVATE-4D-VISAO-GERAL.html","Elevate 4D\Visao Geral\ELEVATE-4D-VISAO-GERAL.html","OK"
"Boas-Vindas\BEM-VINDO-ELEVATE.html","../Formacao/FUNDAMENTOS-TIKTOK-SHOP.html","Formacao\FUNDAMENTOS-TIKTOK-SHOP.html","OK"
"Boas-Vindas\BEM-VINDO-ELEVATE.html","../Elevate%204D/Playbook%20de%20Implantacao/PLAYBOOK-IMPLANTACAO-4D.html","Elevate 4D\Playbook de Implantacao\PLAYBOOK-IMPLANTACAO-4D.html","OK"
"Boas-Vindas\BEM-VINDO-ELEVATE.html","../index.html","index.html","OK"
"Campanhas\CAMPANHA-7-7-TIKTOK-SHOP.html","../index.html","index.html","OK"
"Campanhas\CAMPANHA-7-7-TIKTOK-SHOP.html","#oque","Campanhas\CAMPANHA-7-7-TIKTOK-SHOP.html","OK"
"Campanhas\CAMPANHA-7-7-TIKTOK-SHOP.html","#campanhas","Campanhas\CAMPANHA-7-7-TIKTOK-SHOP.html","OK"
"Campanhas\CAMPANHA-7-7-TIKTOK-SHOP.html","#calendario","Campanhas\CAMPANHA-7-7-TIKTOK-SHOP.html","OK"
"Campanhas\CAMPANHA-7-7-TIKTOK-SHOP.html","#modalidades","Campanhas\CAMPANHA-7-7-TIKTOK-SHOP.html","OK"
"Campanhas\CAMPANHA-7-7-TIKTOK-SHOP.html","#resumo","Campanhas\CAMPANHA-7-7-TIKTOK-SHOP.html","OK"
"Campanhas\CAMPANHA-7-7-TIKTOK-SHOP.html","#afiliados","Campanhas\CAMPANHA-7-7-TIKTOK-SHOP.html","OK"
"Campanhas\CAMPANHA-7-7-TIKTOK-SHOP.html","#liveranking","Campanhas\CAMPANHA-7-7-TIKTOK-SHOP.html","OK"
"Campanhas\CAMPANHA-7-7-TIKTOK-SHOP.html","#videocurto","Campanhas\CAMPANHA-7-7-TIKTOK-SHOP.html","OK"
"Campanhas\CAMPANHA-7-7-TIKTOK-SHOP.html","#elegibilidade","Campanhas\CAMPANHA-7-7-TIKTOK-SHOP.html","OK"
"Campanhas\CAMPANHA-7-7-TIKTOK-SHOP.html","#porque-ads","Campanhas\CAMPANHA-7-7-TIKTOK-SHOP.html","OK"
"Campanhas\CAMPANHA-7-7-TIKTOK-SHOP.html","#estrutura","Campanhas\CAMPANHA-7-7-TIKTOK-SHOP.html","OK"
"Campanhas\CAMPANHA-7-7-TIKTOK-SHOP.html","#roi","Campanhas\CAMPANHA-7-7-TIKTOK-SHOP.html","OK"
"Campanhas\CAMPANHA-7-7-TIKTOK-SHOP.html","#pagamento","Campanhas\CAMPANHA-7-7-TIKTOK-SHOP.html","OK"
"Campanhas\CAMPANHA-7-7-TIKTOK-SHOP.html","#modalidades","Campanhas\CAMPANHA-7-7-TIKTOK-SHOP.html","OK"
"Campanhas\CAMPANHA-7-7-TIKTOK-SHOP.html","#afiliados","Campanhas\CAMPANHA-7-7-TIKTOK-SHOP.html","OK"
"Campanhas\CAMPANHA-7-7-TIKTOK-SHOP.html","#liveranking","Campanhas\CAMPANHA-7-7-TIKTOK-SHOP.html","OK"
"Campanhas\CAMPANHA-7-7-TIKTOK-SHOP.html","#videocurto","Campanhas\CAMPANHA-7-7-TIKTOK-SHOP.html","OK"
"Campanhas\CAMPANHA-8-8-TIKTOK-SHOP.html","../index.html","index.html","OK"
"Campanhas\CAMPANHA-8-8-TIKTOK-SHOP.html","#oque","Campanhas\CAMPANHA-8-8-TIKTOK-SHOP.html","OK"
"Campanhas\CAMPANHA-8-8-TIKTOK-SHOP.html","#fases","Campanhas\CAMPANHA-8-8-TIKTOK-SHOP.html","OK"
"Campanhas\CAMPANHA-8-8-TIKTOK-SHOP.html","#rolling","Campanhas\CAMPANHA-8-8-TIKTOK-SHOP.html","OK"
"Campanhas\CAMPANHA-8-8-TIKTOK-SHOP.html","#frentes","Campanhas\CAMPANHA-8-8-TIKTOK-SHOP.html","OK"
"Campanhas\CAMPANHA-8-8-TIKTOK-SHOP.html","#registro","Campanhas\CAMPANHA-8-8-TIKTOK-SHOP.html","OK"
"Campanhas\CAMPANHA-8-8-TIKTOK-SHOP.html","#quem","Campanhas\CAMPANHA-8-8-TIKTOK-SHOP.html","OK"
"Campanhas\CAMPANHA-8-8-TIKTOK-SHOP.html","#verba","Campanhas\CAMPANHA-8-8-TIKTOK-SHOP.html","OK"
"Campanhas\CAMPANHA-8-8-TIKTOK-SHOP.html","#calendario","Campanhas\CAMPANHA-8-8-TIKTOK-SHOP.html","OK"
"Campanhas\CAMPANHA-8-8-TIKTOK-SHOP.html","#checklist","Campanhas\CAMPANHA-8-8-TIKTOK-SHOP.html","OK"
"Campanhas\CAMPANHA-8-8-TIKTOK-SHOP.html","#pendencias","Campanhas\CAMPANHA-8-8-TIKTOK-SHOP.html","OK"
"Campanhas\CAMPANHA-8-8-TIKTOK-SHOP.html","#requisitos","Campanhas\CAMPANHA-8-8-TIKTOK-SHOP.html","OK"
"Campanhas\CAMPANHA-8-8-TIKTOK-SHOP.html","#registro","Campanhas\CAMPANHA-8-8-TIKTOK-SHOP.html","OK"
"Campanhas\CAMPANHA-8-8-TIKTOK-SHOP.html","#registro","Campanhas\CAMPANHA-8-8-TIKTOK-SHOP.html","OK"
"Campanhas\CAMPANHA-8-8-TIKTOK-SHOP.html","#registro","Campanhas\CAMPANHA-8-8-TIKTOK-SHOP.html","OK"
"Campanhas\CAMPANHA-8-8-TIKTOK-SHOP.html","./CAMPANHA-7-7-TIKTOK-SHOP.html","Campanhas\CAMPANHA-7-7-TIKTOK-SHOP.html","OK"
"Comercial\APRESENTACAO-MARKETPLACES.html","./prints/Meli/meli-3.jpeg","Comercial\prints\Meli\meli-3.jpeg","OK"
"Comercial\APRESENTACAO-MARKETPLACES.html","./prints/Meli/meli-6.jpeg","Comercial\prints\Meli\meli-6.jpeg","OK"
"Comercial\APRESENTACAO-MARKETPLACES.html","./prints/Meli/meli-1.jpg","Comercial\prints\Meli\meli-1.jpg","OK"
"Comercial\APRESENTACAO-MARKETPLACES.html","./prints/Meli/meli-4.jpg","Comercial\prints\Meli\meli-4.jpg","OK"
"Comercial\APRESENTACAO-MARKETPLACES.html","./prints/Meli/meli-2.jpg","Comercial\prints\Meli\meli-2.jpg","OK"
"Comercial\APRESENTACAO-MARKETPLACES.html","./prints/Meli/meli-5.jpg","Comercial\prints\Meli\meli-5.jpg","OK"
"Comercial\APRESENTACAO-MARKETPLACES.html","./prints/Shopee/Saint%20Germain.jpeg","Comercial\prints\Shopee\Saint Germain.jpeg","OK"
"Comercial\APRESENTACAO-MARKETPLACES.html","./prints/Shopee/WT%20Personalizados.jpeg","Comercial\prints\Shopee\WT Personalizados.jpeg","OK"
"Comercial\APRESENTACAO-MARKETPLACES.html","./prints/Shopee/My%20modas.jpeg","Comercial\prints\Shopee\My modas.jpeg","OK"
"Comercial\APRESENTACAO-MARKETPLACES.html","./prints/Shopee/Not-me%20shoes.jpeg","Comercial\prints\Shopee\Not-me shoes.jpeg","OK"
"Comercial\APRESENTACAO-MARKETPLACES.html","./prints/Shopee/Hiven.jpeg","Comercial\prints\Shopee\Hiven.jpeg","OK"
"Comercial\APRESENTACAO-MARKETPLACES.html","./prints/Shopee/Livny.jpeg","Comercial\prints\Shopee\Livny.jpeg","OK"
"Comercial\APRESENTACAO-MARKETPLACES.html","./prints/Shopee/Argennti.jpeg","Comercial\prints\Shopee\Argennti.jpeg","OK"
"Comercial\APRESENTACAO-MARKETPLACES.html","./prints/Shopee/Dilla.jpeg","Comercial\prints\Shopee\Dilla.jpeg","OK"
"Comercial\APRESENTACAO-MARKETPLACES.html","./prints/Shopee/Destak.jpeg","Comercial\prints\Shopee\Destak.jpeg","OK"
"Comercial\APRESENTACAO-MARKETPLACES.html","./prints/Shopee/P%C3%A9tala%20Beauty.jpeg","Comercial\prints\Shopee\Pétala Beauty.jpeg","OK"
"Comercial\APRESENTACAO-MARKETPLACES.html","./prints/Shopee/Nouf.jpeg","Comercial\prints\Shopee\Nouf.jpeg","OK"
"Comercial\APRESENTACAO-MARKETPLACES.html","./prints/Shopee/Ela%20Up.jpeg","Comercial\prints\Shopee\Ela Up.jpeg","OK"
"Comercial\APRESENTACAO-MERCADO-LIVRE.html","./prints/TIKTOK/saint.png","Comercial\prints\TIKTOK\saint.png","OK"
"Comercial\APRESENTACAO-MERCADO-LIVRE.html","./prints/TIKTOK/hiven.jpg","Comercial\prints\TIKTOK\hiven.jpg","OK"
"Comercial\APRESENTACAO-MERCADO-LIVRE.html","./prints/TIKTOK/lirios.jpg","Comercial\prints\TIKTOK\lirios.jpg","OK"
"Comercial\APRESENTACAO-MERCADO-LIVRE.html","./prints/TIKTOK/ysy.jpg","Comercial\prints\TIKTOK\ysy.jpg","OK"
"Comercial\APRESENTACAO-MERCADO-LIVRE.html","./prints/TIKTOK/nouf.jpg","Comercial\prints\TIKTOK\nouf.jpg","OK"
"Comercial\APRESENTACAO-MERCADO-LIVRE.html","./prints/TIKTOK/mossy.jpg","Comercial\prints\TIKTOK\mossy.jpg","OK"
"Comercial\APRESENTACAO-MERCADO-LIVRE.html","./prints/TIKTOK/pangeia.jpg","Comercial\prints\TIKTOK\pangeia.jpg","OK"
"Comercial\APRESENTACAO-MERCADO-LIVRE.html","./prints/TIKTOK/pangeia-story.jpg","Comercial\prints\TIKTOK\pangeia-story.jpg","OK"
"Comercial\APRESENTACAO-MERCADO-LIVRE.html","./videos/depoimento-1.mp4","Comercial\videos\depoimento-1.mp4","OK"
"Comercial\APRESENTACAO-MERCADO-LIVRE.html","./videos/depoimento-3.mp4","Comercial\videos\depoimento-3.mp4","OK"
"Comercial\APRESENTACAO-MERCADO-LIVRE.html","./videos/depoimento-2.mp4","Comercial\videos\depoimento-2.mp4","OK"
"Comercial\APRESENTACAO-SHOPEE.html","./prints/TIKTOK/saint.png","Comercial\prints\TIKTOK\saint.png","OK"
"Comercial\APRESENTACAO-SHOPEE.html","./prints/TIKTOK/hiven.jpg","Comercial\prints\TIKTOK\hiven.jpg","OK"
"Comercial\APRESENTACAO-SHOPEE.html","./prints/TIKTOK/lirios.jpg","Comercial\prints\TIKTOK\lirios.jpg","OK"
"Comercial\APRESENTACAO-SHOPEE.html","./prints/TIKTOK/ysy.jpg","Comercial\prints\TIKTOK\ysy.jpg","OK"
"Comercial\APRESENTACAO-SHOPEE.html","./prints/TIKTOK/nouf.jpg","Comercial\prints\TIKTOK\nouf.jpg","OK"
"Comercial\APRESENTACAO-SHOPEE.html","./prints/TIKTOK/mossy.jpg","Comercial\prints\TIKTOK\mossy.jpg","OK"
"Comercial\APRESENTACAO-SHOPEE.html","./prints/TIKTOK/pangeia.jpg","Comercial\prints\TIKTOK\pangeia.jpg","OK"
"Comercial\APRESENTACAO-SHOPEE.html","./prints/TIKTOK/pangeia-story.jpg","Comercial\prints\TIKTOK\pangeia-story.jpg","OK"
"Comercial\APRESENTACAO-SHOPEE.html","./videos/depoimento-1.mp4","Comercial\videos\depoimento-1.mp4","OK"
"Comercial\APRESENTACAO-SHOPEE.html","./videos/depoimento-3.mp4","Comercial\videos\depoimento-3.mp4","OK"
"Comercial\APRESENTACAO-SHOPEE.html","./videos/depoimento-2.mp4","Comercial\videos\depoimento-2.mp4","OK"
"Comercial\APRESENTACAO-TIKTOK-SHOP.html","./prints/TIKTOK/saint.png","Comercial\prints\TIKTOK\saint.png","OK"
"Comercial\APRESENTACAO-TIKTOK-SHOP.html","./prints/TIKTOK/hiven.jpg","Comercial\prints\TIKTOK\hiven.jpg","OK"
"Comercial\APRESENTACAO-TIKTOK-SHOP.html","./prints/TIKTOK/lirios.jpg","Comercial\prints\TIKTOK\lirios.jpg","OK"
"Comercial\APRESENTACAO-TIKTOK-SHOP.html","./prints/TIKTOK/ysy.jpg","Comercial\prints\TIKTOK\ysy.jpg","OK"
"Comercial\APRESENTACAO-TIKTOK-SHOP.html","./prints/TIKTOK/nouf.jpg","Comercial\prints\TIKTOK\nouf.jpg","OK"
"Comercial\APRESENTACAO-TIKTOK-SHOP.html","./prints/TIKTOK/mossy.jpg","Comercial\prints\TIKTOK\mossy.jpg","OK"
"Comercial\APRESENTACAO-TIKTOK-SHOP.html","./prints/TIKTOK/pangeia.jpg","Comercial\prints\TIKTOK\pangeia.jpg","OK"
"Comercial\APRESENTACAO-TIKTOK-SHOP.html","./prints/TIKTOK/pangeia-story.jpg","Comercial\prints\TIKTOK\pangeia-story.jpg","OK"
"Comercial\APRESENTACAO-TIKTOK-SHOP.html","./videos/depoimento-1.mp4","Comercial\videos\depoimento-1.mp4","OK"
"Comercial\APRESENTACAO-TIKTOK-SHOP.html","./videos/depoimento-3.mp4","Comercial\videos\depoimento-3.mp4","OK"
"Comercial\APRESENTACAO-TIKTOK-SHOP.html","./videos/depoimento-2.mp4","Comercial\videos\depoimento-2.mp4","OK"
"Comercial\ROTEIRO-CANVA-APRESENTACAO-TIKTOK.html","./APRESENTACAO-TIKTOK-SHOP.html","Comercial\APRESENTACAO-TIKTOK-SHOP.html","OK"
"Elevate 4D\README.html","./Visao%20Geral/ELEVATE-4D-VISAO-GERAL.html","Elevate 4D\Visao Geral\ELEVATE-4D-VISAO-GERAL.html","OK"
"Elevate 4D\README.html","./Visao%20Geral/ELEVATE-4D-VISAO-GERAL.html","Elevate 4D\Visao Geral\ELEVATE-4D-VISAO-GERAL.html","OK"
"Elevate 4D\README.html","./Metodologia/ELEVATE-4D-METODOLOGIA-DIAGNOSTICO.html","Elevate 4D\Metodologia\ELEVATE-4D-METODOLOGIA-DIAGNOSTICO.html","OK"
"Elevate 4D\README.html","./One-Pager/ELEVATE-4D-ONE-PAGER.html","Elevate 4D\One-Pager\ELEVATE-4D-ONE-PAGER.html","OK"
"Elevate 4D\README.html","./One-Pager/ELEVATE-4D-ONE-PAGER.pdf","Elevate 4D\One-Pager\ELEVATE-4D-ONE-PAGER.pdf","OK"
"Elevate 4D\README.html","./Fluxo%20de%20Classificacao/","Elevate 4D\Fluxo de Classificacao\index.html","MISSING_FILE"
"Elevate 4D\README.html","./Playbook%20de%20Implantacao/PLAYBOOK-IMPLANTACAO-4D.html","Elevate 4D\Playbook de Implantacao\PLAYBOOK-IMPLANTACAO-4D.html","OK"
"Elevate 4D\README.html","./Aplicacoes%20(exemplos)/","Elevate 4D\Aplicacoes (exemplos)\index.html","MISSING_FILE"
"Elevate 4D\README.html","./Playbook%20de%20Implantacao/Documentos%20para%20o%20Cliente/","Elevate 4D\Playbook de Implantacao\Documentos para o Cliente\index.html","MISSING_FILE"
"Elevate 4D\Aplicacoes (exemplos)\Mossy Brand\analise-elevate-4d-mossy-brand-2026-06-11.html","../../Metodologia/ELEVATE-4D-METODOLOGIA-DIAGNOSTICO.html","Elevate 4D\Metodologia\ELEVATE-4D-METODOLOGIA-DIAGNOSTICO.html","OK"
"Elevate 4D\Aplicacoes (exemplos)\Mossy Brand\analise-elevate-4d-mossy-brand-2026-06-11.html","./diagnostico-mossy-brand-2026-05-21.html","Elevate 4D\Aplicacoes (exemplos)\Mossy Brand\diagnostico-mossy-brand-2026-05-21.html","MISSING_FILE"
"Elevate 4D\Aplicacoes (exemplos)\Mossy Brand\analise-elevate-4d-mossy-brand-2026-06-11.html","../../Metodologia/ELEVATE-4D-METODOLOGIA-DIAGNOSTICO.html","Elevate 4D\Metodologia\ELEVATE-4D-METODOLOGIA-DIAGNOSTICO.html","OK"
"Elevate 4D\Aplicacoes (exemplos)\Mossy Brand\analise-elevate-4d-mossy-brand-2026-06-11.html","./diagnostico-mossy-brand-2026-05-21.html","Elevate 4D\Aplicacoes (exemplos)\Mossy Brand\diagnostico-mossy-brand-2026-05-21.html","MISSING_FILE"
"Elevate 4D\Aplicacoes (exemplos)\Mossy Brand\analise-elevate-4d-mossy-brand-2026-06-11.html","../Intake/intake-mossy-brand-2026-05-13.html","Elevate 4D\Aplicacoes (exemplos)\Intake\intake-mossy-brand-2026-05-13.html","MISSING_FILE"
"Elevate 4D\Aplicacoes (exemplos)\Mossy Brand\analise-elevate-4d-mossy-brand-2026-06-11.html","../Estudo Financeiro/estudo-financeiro-mossy-brand-2026-05-21.html","Elevate 4D\Aplicacoes (exemplos)\Estudo Financeiro\estudo-financeiro-mossy-brand-2026-05-21.html","MISSING_FILE"
"Elevate 4D\Aplicacoes (exemplos)\Peach Up\analise-elevate-4d-peachup-2026-06-11.html","../../Metodologia/ELEVATE-4D-METODOLOGIA-DIAGNOSTICO.html","Elevate 4D\Metodologia\ELEVATE-4D-METODOLOGIA-DIAGNOSTICO.html","OK"
"Elevate 4D\Aplicacoes (exemplos)\Peach Up\analise-elevate-4d-peachup-2026-06-11.html","./diagnostico-peachup-2026-05-07.html","Elevate 4D\Aplicacoes (exemplos)\Peach Up\diagnostico-peachup-2026-05-07.html","MISSING_FILE"
"Elevate 4D\Aplicacoes (exemplos)\Peach Up\analise-elevate-4d-peachup-2026-06-11.html","../../Metodologia/ELEVATE-4D-METODOLOGIA-DIAGNOSTICO.html","Elevate 4D\Metodologia\ELEVATE-4D-METODOLOGIA-DIAGNOSTICO.html","OK"
"Elevate 4D\Aplicacoes (exemplos)\Peach Up\analise-elevate-4d-peachup-2026-06-11.html","./diagnostico-peachup-2026-05-07.html","Elevate 4D\Aplicacoes (exemplos)\Peach Up\diagnostico-peachup-2026-05-07.html","MISSING_FILE"
"Elevate 4D\Diagnostico Estrategico\MODELO-DIAGNOSTICO-ESTRATEGICO-4D.html","../Visao%20Geral/ELEVATE-4D-VISAO-GERAL.html","Elevate 4D\Visao Geral\ELEVATE-4D-VISAO-GERAL.html","OK"
"Elevate 4D\Diagnostico Estrategico\MODELO-DIAGNOSTICO-ESTRATEGICO-4D.html","../Fluxo%20de%20Classificacao/Guia%20de%20Coleta/GUIA-COLETA-DADOS-4D.html","Elevate 4D\Fluxo de Classificacao\Guia de Coleta\GUIA-COLETA-DADOS-4D.html","OK"
"Elevate 4D\Diagnostico Estrategico\MODELO-DIAGNOSTICO-ESTRATEGICO-4D.html","../Fluxo%20de%20Classificacao/SOP/FLUXO-CLASSIFICACAO-4D.html","Elevate 4D\Fluxo de Classificacao\SOP\FLUXO-CLASSIFICACAO-4D.html","OK"
"Elevate 4D\Diagnostico Estrategico\MODELO-DIAGNOSTICO-ESTRATEGICO-4D.html","../Fluxo%20de%20Classificacao/Prompt/PROMPT-CLASSIFICACAO-4D.html","Elevate 4D\Fluxo de Classificacao\Prompt\PROMPT-CLASSIFICACAO-4D.html","OK"
"Elevate 4D\Diagnostico Estrategico\MODELO-DIAGNOSTICO-ESTRATEGICO-4D.html","../Fluxo%20de%20Classificacao/CALCULADORA-4D.xlsx","Elevate 4D\Fluxo de Classificacao\CALCULADORA-4D.xlsx","OK"
"Elevate 4D\Diagnostico Estrategico\MODELO-DIAGNOSTICO-ESTRATEGICO-4D.html","../Fluxo%20de%20Classificacao/Guia%20de%20Coleta/GUIA-COLETA-DADOS-4D.html","Elevate 4D\Fluxo de Classificacao\Guia de Coleta\GUIA-COLETA-DADOS-4D.html","OK"
"Elevate 4D\Diagnostico Estrategico\MODELO-DIAGNOSTICO-ESTRATEGICO-4D.html","../Visao%20Geral/ELEVATE-4D-VISAO-GERAL.html","Elevate 4D\Visao Geral\ELEVATE-4D-VISAO-GERAL.html","OK"
"Elevate 4D\Diagnostico Estrategico\MODELO-DIAGNOSTICO-ESTRATEGICO-4D.html","../Playbook%20de%20Implantacao/PLAYBOOK-IMPLANTACAO-4D.html","Elevate 4D\Playbook de Implantacao\PLAYBOOK-IMPLANTACAO-4D.html","OK"
"Elevate 4D\Fluxo de Classificacao\ENTRADA-DADOS-4D.html","../../index.html","index.html","OK"
"Elevate 4D\Fluxo de Classificacao\ENTRADA-DADOS-4D.html","./MODELO-RELATORIO-4D.html","Elevate 4D\Fluxo de Classificacao\MODELO-RELATORIO-4D.html","OK"
"Elevate 4D\Fluxo de Classificacao\ENTRADA-DADOS-4D.html","./MODELO-PLANEJAMENTO-ESTRATEGICO-4D.html","Elevate 4D\Fluxo de Classificacao\MODELO-PLANEJAMENTO-ESTRATEGICO-4D.html","OK"
"Elevate 4D\Fluxo de Classificacao\ENTRADA-DADOS-4D.html","./vendor/xlsx.full.min.js","Elevate 4D\Fluxo de Classificacao\vendor\xlsx.full.min.js","OK"
"Elevate 4D\Fluxo de Classificacao\ENTRADA-DADOS-4D.html","./entrada-config.js","Elevate 4D\Fluxo de Classificacao\entrada-config.js","OK"
"Elevate 4D\Fluxo de Classificacao\SUPABASE-SETUP-4D.html","./ENTRADA-DADOS-4D.html","Elevate 4D\Fluxo de Classificacao\ENTRADA-DADOS-4D.html","OK"
"Elevate 4D\Fluxo de Classificacao\SUPABASE-SETUP-4D.html","./entrada-config.js","Elevate 4D\Fluxo de Classificacao\entrada-config.js","OK"
"Elevate 4D\Fluxo de Classificacao\Guia de Coleta\GUIA-COLETA-DADOS-4D.html","../SOP/FLUXO-CLASSIFICACAO-4D.html","Elevate 4D\Fluxo de Classificacao\SOP\FLUXO-CLASSIFICACAO-4D.html","OK"
"Elevate 4D\Fluxo de Classificacao\Guia de Coleta\GUIA-COLETA-DADOS-4D.html","../CALCULADORA-4D.xlsx","Elevate 4D\Fluxo de Classificacao\CALCULADORA-4D.xlsx","OK"
"Elevate 4D\Fluxo de Classificacao\Guia de Coleta\GUIA-COLETA-DADOS-4D.html","../Prompt/PROMPT-CLASSIFICACAO-4D.html","Elevate 4D\Fluxo de Classificacao\Prompt\PROMPT-CLASSIFICACAO-4D.html","OK"
"Elevate 4D\Fluxo de Classificacao\Guia de Coleta\GUIA-COLETA-DADOS-4D.html","../ENTRADA-DADOS-4D.html","Elevate 4D\Fluxo de Classificacao\ENTRADA-DADOS-4D.html","OK"
"Elevate 4D\Fluxo de Classificacao\Guia de Coleta\GUIA-COLETA-DADOS-4D.html","../CALCULADORA-4D.xlsx","Elevate 4D\Fluxo de Classificacao\CALCULADORA-4D.xlsx","OK"
"Elevate 4D\Fluxo de Classificacao\SOP\FLUXO-CLASSIFICACAO-4D.html","../Prompt/PROMPT-CLASSIFICACAO-4D.html","Elevate 4D\Fluxo de Classificacao\Prompt\PROMPT-CLASSIFICACAO-4D.html","OK"
"Elevate 4D\Fluxo de Classificacao\SOP\FLUXO-CLASSIFICACAO-4D.html","../CALCULADORA-4D.xlsx","Elevate 4D\Fluxo de Classificacao\CALCULADORA-4D.xlsx","OK"
"Elevate 4D\Fluxo de Classificacao\SOP\FLUXO-CLASSIFICACAO-4D.html","../Guia%20de%20Coleta/GUIA-COLETA-DADOS-4D.html","Elevate 4D\Fluxo de Classificacao\Guia de Coleta\GUIA-COLETA-DADOS-4D.html","OK"
"Elevate 4D\Fluxo de Classificacao\SOP\FLUXO-CLASSIFICACAO-4D.html","../../Aplicacoes%20(exemplos)/","Elevate 4D\Aplicacoes (exemplos)\index.html","MISSING_FILE"
"Elevate 4D\Fluxo de Classificacao\SOP\FLUXO-CLASSIFICACAO-4D.html","../../Metodologia/ELEVATE-4D-METODOLOGIA-DIAGNOSTICO.html","Elevate 4D\Metodologia\ELEVATE-4D-METODOLOGIA-DIAGNOSTICO.html","OK"
"Elevate 4D\Fluxo de Classificacao\SOP\FLUXO-CLASSIFICACAO-4D.html","../Prompt/PROMPT-CLASSIFICACAO-4D.html","Elevate 4D\Fluxo de Classificacao\Prompt\PROMPT-CLASSIFICACAO-4D.html","OK"
"Elevate 4D\Fluxo de Classificacao\SOP\FLUXO-CLASSIFICACAO-4D.html","../CALCULADORA-4D.xlsx","Elevate 4D\Fluxo de Classificacao\CALCULADORA-4D.xlsx","OK"
"Elevate 4D\Metodologia\ELEVATE-4D-METODOLOGIA-DIAGNOSTICO.html","../Fluxo%20de%20Classificacao/SOP/FLUXO-CLASSIFICACAO-4D.html","Elevate 4D\Fluxo de Classificacao\SOP\FLUXO-CLASSIFICACAO-4D.html","OK"
"Elevate 4D\Metodologia\ELEVATE-4D-METODOLOGIA-DIAGNOSTICO.html","../Fluxo%20de%20Classificacao/Prompt/PROMPT-CLASSIFICACAO-4D.html","Elevate 4D\Fluxo de Classificacao\Prompt\PROMPT-CLASSIFICACAO-4D.html","OK"
"Elevate 4D\Metodologia\ELEVATE-4D-METODOLOGIA-DIAGNOSTICO.html","../Fluxo%20de%20Classificacao/CALCULADORA-4D.xlsx","Elevate 4D\Fluxo de Classificacao\CALCULADORA-4D.xlsx","OK"
"Elevate 4D\Playbook de Implantacao\FLUXO-ONBOARDING.html","./GUIA-REUNIOES-CAPACITACAO-4D.html#r01","Elevate 4D\Playbook de Implantacao\GUIA-REUNIOES-CAPACITACAO-4D.html","OK"
"Elevate 4D\Playbook de Implantacao\FLUXO-ONBOARDING.html","../Visao%20Geral/ELEVATE-4D-VISAO-GERAL.html","Elevate 4D\Visao Geral\ELEVATE-4D-VISAO-GERAL.html","OK"
"Elevate 4D\Playbook de Implantacao\FLUXO-ONBOARDING.html","./Documentos%20para%20o%20Cliente/TUTORIAL-ACESSO-COLABORADOR.html","Elevate 4D\Playbook de Implantacao\Documentos para o Cliente\TUTORIAL-ACESSO-COLABORADOR.html","OK"
"Elevate 4D\Playbook de Implantacao\FLUXO-ONBOARDING.html","./Documentos%20para%20o%20Cliente/TUTORIAL-CONECTAR-CONTA-ADS.html","Elevate 4D\Playbook de Implantacao\Documentos para o Cliente\TUTORIAL-CONECTAR-CONTA-ADS.html","OK"
"Elevate 4D\Playbook de Implantacao\FLUXO-ONBOARDING.html","./Documentos%20para%20o%20Cliente/TUTORIAL-ACESSO-TIKTOK-STUDIO.html","Elevate 4D\Playbook de Implantacao\Documentos para o Cliente\TUTORIAL-ACESSO-TIKTOK-STUDIO.html","OK"
"Elevate 4D\Playbook de Implantacao\FLUXO-ONBOARDING.html","./GUIA-REUNIOES-CAPACITACAO-4D.html","Elevate 4D\Playbook de Implantacao\GUIA-REUNIOES-CAPACITACAO-4D.html","OK"
"Elevate 4D\Playbook de Implantacao\FLUXO-ONBOARDING.html","./GUIA-REUNIOES-CAPACITACAO-4D.html#r02","Elevate 4D\Playbook de Implantacao\GUIA-REUNIOES-CAPACITACAO-4D.html","OK"
"Elevate 4D\Playbook de Implantacao\FLUXO-ONBOARDING.html","./GUIA-REUNIOES-CAPACITACAO-4D.html#r03","Elevate 4D\Playbook de Implantacao\GUIA-REUNIOES-CAPACITACAO-4D.html","OK"
"Elevate 4D\Playbook de Implantacao\FLUXO-ONBOARDING.html","./GUIA-REUNIOES-CAPACITACAO-4D.html#r04","Elevate 4D\Playbook de Implantacao\GUIA-REUNIOES-CAPACITACAO-4D.html","OK"
"Elevate 4D\Playbook de Implantacao\FLUXO-ONBOARDING.html","./GUIA-REUNIOES-CAPACITACAO-4D.html#r05","Elevate 4D\Playbook de Implantacao\GUIA-REUNIOES-CAPACITACAO-4D.html","OK"
"Elevate 4D\Playbook de Implantacao\FLUXO-ONBOARDING.html","./GUIA-REUNIOES-CAPACITACAO-4D.html#r06","Elevate 4D\Playbook de Implantacao\GUIA-REUNIOES-CAPACITACAO-4D.html","OK"
"Elevate 4D\Playbook de Implantacao\FLUXO-ONBOARDING.html","./GUIA-REUNIOES-CAPACITACAO-4D.html#r07","Elevate 4D\Playbook de Implantacao\GUIA-REUNIOES-CAPACITACAO-4D.html","OK"
"Elevate 4D\Playbook de Implantacao\FLUXO-ONBOARDING.html","./GUIA-REUNIOES-CAPACITACAO-4D.html#r08","Elevate 4D\Playbook de Implantacao\GUIA-REUNIOES-CAPACITACAO-4D.html","OK"
"Elevate 4D\Playbook de Implantacao\FLUXO-ONBOARDING.html","./GUIA-REUNIOES-CAPACITACAO-4D.html#r09","Elevate 4D\Playbook de Implantacao\GUIA-REUNIOES-CAPACITACAO-4D.html","OK"
"Elevate 4D\Playbook de Implantacao\FLUXO-ONBOARDING.html","./PLAYBOOK-IMPLANTACAO-4D.html","Elevate 4D\Playbook de Implantacao\PLAYBOOK-IMPLANTACAO-4D.html","OK"
"Elevate 4D\Playbook de Implantacao\GUIA-REUNIOES-CAPACITACAO-4D.html","../../Formacao/BOAS-PRATICAS-LIVE-TIKTOK.html","Formacao\BOAS-PRATICAS-LIVE-TIKTOK.html","OK"
"Elevate 4D\Playbook de Implantacao\PLAYBOOK-IMPLANTACAO-4D.html","../Visao%20Geral/ELEVATE-4D-VISAO-GERAL.html","Elevate 4D\Visao Geral\ELEVATE-4D-VISAO-GERAL.html","OK"
"Elevate 4D\Playbook de Implantacao\PLAYBOOK-IMPLANTACAO-4D.html","./Documentos%20para%20o%20Cliente/","Elevate 4D\Playbook de Implantacao\Documentos para o Cliente\index.html","MISSING_FILE"
"Elevate 4D\Playbook de Implantacao\PLAYBOOK-IMPLANTACAO-4D.html","./CHECKLIST-ONBOARDING-4D.xlsx","Elevate 4D\Playbook de Implantacao\CHECKLIST-ONBOARDING-4D.xlsx","OK"
"Elevate 4D\Playbook de Implantacao\PLAYBOOK-IMPLANTACAO-4D.html","./Documentos%20para%20o%20Cliente/KIT-ENTRADA-DOCUMENTOS.html","Elevate 4D\Playbook de Implantacao\Documentos para o Cliente\KIT-ENTRADA-DOCUMENTOS.html","OK"
"Elevate 4D\Playbook de Implantacao\PLAYBOOK-IMPLANTACAO-4D.html","./CHECKLIST-ONBOARDING-4D.xlsx","Elevate 4D\Playbook de Implantacao\CHECKLIST-ONBOARDING-4D.xlsx","OK"
"Elevate 4D\Playbook de Implantacao\PLAYBOOK-IMPLANTACAO-4D.html","../One-Pager/ELEVATE-4D-ONE-PAGER.html","Elevate 4D\One-Pager\ELEVATE-4D-ONE-PAGER.html","OK"
"Elevate 4D\Playbook de Implantacao\PLAYBOOK-IMPLANTACAO-4D.html","./Documentos%20para%20o%20Cliente/TUTORIAL-ACESSO-COLABORADOR.html","Elevate 4D\Playbook de Implantacao\Documentos para o Cliente\TUTORIAL-ACESSO-COLABORADOR.html","OK"
"Elevate 4D\Playbook de Implantacao\PLAYBOOK-IMPLANTACAO-4D.html","./Documentos%20para%20o%20Cliente/TUTORIAL-CONECTAR-CONTA-ADS.html","Elevate 4D\Playbook de Implantacao\Documentos para o Cliente\TUTORIAL-CONECTAR-CONTA-ADS.html","OK"
"Elevate 4D\Playbook de Implantacao\PLAYBOOK-IMPLANTACAO-4D.html","./Documentos%20para%20o%20Cliente/TUTORIAL-ACESSO-TIKTOK-STUDIO.html","Elevate 4D\Playbook de Implantacao\Documentos para o Cliente\TUTORIAL-ACESSO-TIKTOK-STUDIO.html","OK"
"Elevate 4D\Playbook de Implantacao\PLAYBOOK-IMPLANTACAO-4D.html","./Documentos%20para%20o%20Cliente/COMO-PREENCHER-PRECIFICACAO.html","Elevate 4D\Playbook de Implantacao\Documentos para o Cliente\COMO-PREENCHER-PRECIFICACAO.html","OK"
"Elevate 4D\Playbook de Implantacao\PLAYBOOK-IMPLANTACAO-4D.html","../Fluxo%20de%20Classificacao/SOP/FLUXO-CLASSIFICACAO-4D.html","Elevate 4D\Fluxo de Classificacao\SOP\FLUXO-CLASSIFICACAO-4D.html","OK"
"Elevate 4D\Playbook de Implantacao\PLAYBOOK-IMPLANTACAO-4D.html","./Documentos%20para%20o%20Cliente/KIT-ENTRADA-DOCUMENTOS.html","Elevate 4D\Playbook de Implantacao\Documentos para o Cliente\KIT-ENTRADA-DOCUMENTOS.html","OK"
"Elevate 4D\Playbook de Implantacao\PLAYBOOK-IMPLANTACAO-4D.html","./Documentos%20para%20o%20Cliente/TUTORIAL-ACESSO-COLABORADOR.html","Elevate 4D\Playbook de Implantacao\Documentos para o Cliente\TUTORIAL-ACESSO-COLABORADOR.html","OK"
"Elevate 4D\Playbook de Implantacao\PLAYBOOK-IMPLANTACAO-4D.html","./Documentos%20para%20o%20Cliente/TUTORIAL-CONECTAR-CONTA-ADS.html","Elevate 4D\Playbook de Implantacao\Documentos para o Cliente\TUTORIAL-CONECTAR-CONTA-ADS.html","OK"
"Elevate 4D\Playbook de Implantacao\PLAYBOOK-IMPLANTACAO-4D.html","./Documentos%20para%20o%20Cliente/TUTORIAL-ACESSO-TIKTOK-STUDIO.html","Elevate 4D\Playbook de Implantacao\Documentos para o Cliente\TUTORIAL-ACESSO-TIKTOK-STUDIO.html","OK"
"Elevate 4D\Playbook de Implantacao\PLAYBOOK-IMPLANTACAO-4D.html","./Documentos%20para%20o%20Cliente/COMO-PREENCHER-PRECIFICACAO.html","Elevate 4D\Playbook de Implantacao\Documentos para o Cliente\COMO-PREENCHER-PRECIFICACAO.html","OK"
"Elevate 4D\Playbook de Implantacao\PLAYBOOK-IMPLANTACAO-4D.html","./CHECKLIST-ONBOARDING-4D.xlsx","Elevate 4D\Playbook de Implantacao\CHECKLIST-ONBOARDING-4D.xlsx","OK"
"Elevate 4D\Playbook de Implantacao\PLAYBOOK-IMPLANTACAO-4D.html","./Documentos%20para%20o%20Cliente/KIT-ENTRADA-DOCUMENTOS.html","Elevate 4D\Playbook de Implantacao\Documentos para o Cliente\KIT-ENTRADA-DOCUMENTOS.html","OK"
"Elevate 4D\Playbook de Implantacao\PLAYBOOK-IMPLANTACAO-4D.html","./FLUXO-ONBOARDING.html","Elevate 4D\Playbook de Implantacao\FLUXO-ONBOARDING.html","OK"
"Elevate 4D\Playbook de Implantacao\PLAYBOOK-IMPLANTACAO-4D.html","../Visao%20Geral/ELEVATE-4D-VISAO-GERAL.html","Elevate 4D\Visao Geral\ELEVATE-4D-VISAO-GERAL.html","OK"
"Elevate 4D\Playbook de Implantacao\Documentos para o Cliente\ONE-PAGER-GROWTH-CAMP.html","banner-growth-camp.png","Elevate 4D\Playbook de Implantacao\Documentos para o Cliente\banner-growth-camp.png","OK"
"Elevate 4D\Playbook de Implantacao\Documentos para o Cliente\TUTORIAL-CONECTAR-ADS-AO-BC-ELEVATE.html","prints-conectar-ads/passo1-partners.png","Elevate 4D\Playbook de Implantacao\Documentos para o Cliente\prints-conectar-ads\passo1-partners.png","OK"
"Elevate 4D\Playbook de Implantacao\Documentos para o Cliente\TUTORIAL-CONECTAR-ADS-AO-BC-ELEVATE.html","prints-conectar-ads/passo2-add-partner.png","Elevate 4D\Playbook de Implantacao\Documentos para o Cliente\prints-conectar-ads\passo2-add-partner.png","OK"
"Elevate 4D\Playbook de Implantacao\Documentos para o Cliente\TUTORIAL-CONECTAR-ADS-AO-BC-ELEVATE.html","prints-conectar-ads/passo3-id.png","Elevate 4D\Playbook de Implantacao\Documentos para o Cliente\prints-conectar-ads\passo3-id.png","OK"
"Elevate 4D\Playbook de Implantacao\Documentos para o Cliente\TUTORIAL-CONECTAR-ADS-AO-BC-ELEVATE.html","prints-conectar-ads/passo4-verificacao.png","Elevate 4D\Playbook de Implantacao\Documentos para o Cliente\prints-conectar-ads\passo4-verificacao.png","OK"
"Elevate 4D\Playbook de Implantacao\Documentos para o Cliente\TUTORIAL-CONECTAR-ADS-AO-BC-ELEVATE.html","prints-conectar-ads/passo5-advertiser-admin.png","Elevate 4D\Playbook de Implantacao\Documentos para o Cliente\prints-conectar-ads\passo5-advertiser-admin.png","OK"
"Elevate 4D\Playbook de Implantacao\Documentos para o Cliente\TUTORIAL-CONECTAR-ADS-AO-BC-ELEVATE.html","prints-conectar-ads/passo6-pixels.png","Elevate 4D\Playbook de Implantacao\Documentos para o Cliente\prints-conectar-ads\passo6-pixels.png","OK"
"Elevate 4D\Playbook de Implantacao\Documentos para o Cliente\TUTORIAL-CONECTAR-ADS-AO-BC-ELEVATE.html","prints-conectar-ads/passo7-shops.png","Elevate 4D\Playbook de Implantacao\Documentos para o Cliente\prints-conectar-ads\passo7-shops.png","OK"
"Elevate 4D\Playbook de Implantacao\Documentos para o Cliente\TUTORIAL-CONECTAR-ADS-AO-BC-ELEVATE.html","prints-conectar-ads/passo8-pronto.png","Elevate 4D\Playbook de Implantacao\Documentos para o Cliente\prints-conectar-ads\passo8-pronto.png","OK"
"Elevate 4D\Playbook de Implantacao\Documentos para o Cliente\TUTORIAL-CONECTAR-CONTA-ADS.html","TUTORIAL-CONECTAR-ADS-AO-BC-ELEVATE.html","Elevate 4D\Playbook de Implantacao\Documentos para o Cliente\TUTORIAL-CONECTAR-ADS-AO-BC-ELEVATE.html","OK"
"Elevate 4D\Playbook de Implantacao\Documentos para o Cliente\TUTORIAL-CONECTAR-CONTA-ADS.html","TUTORIAL-CONECTAR-ADS-AO-BC-ELEVATE.html","Elevate 4D\Playbook de Implantacao\Documentos para o Cliente\TUTORIAL-CONECTAR-ADS-AO-BC-ELEVATE.html","OK"
"Elevate 4D\Visao Geral\ELEVATE-4D-VISAO-GERAL.html","../Metodologia/ELEVATE-4D-METODOLOGIA-DIAGNOSTICO.html","Elevate 4D\Metodologia\ELEVATE-4D-METODOLOGIA-DIAGNOSTICO.html","OK"
"Elevate 4D\Visao Geral\ELEVATE-4D-VISAO-GERAL.html","../Metodologia/ELEVATE-4D-METODOLOGIA-DIAGNOSTICO.html","Elevate 4D\Metodologia\ELEVATE-4D-METODOLOGIA-DIAGNOSTICO.html","OK"
"Elevate 4D\Visao Geral\ELEVATE-4D-VISAO-GERAL.html","../Metodologia/ELEVATE-4D-METODOLOGIA-DIAGNOSTICO.html","Elevate 4D\Metodologia\ELEVATE-4D-METODOLOGIA-DIAGNOSTICO.html","OK"
"Elevate 4D\Visao Geral\ELEVATE-4D-VISAO-GERAL.html","../Fluxo%20de%20Classificacao/SOP/FLUXO-CLASSIFICACAO-4D.html","Elevate 4D\Fluxo de Classificacao\SOP\FLUXO-CLASSIFICACAO-4D.html","OK"
"Elevate 4D\Visao Geral\ELEVATE-4D-VISAO-GERAL.html","../Fluxo%20de%20Classificacao/Guia%20de%20Coleta/GUIA-COLETA-DADOS-4D.html","Elevate 4D\Fluxo de Classificacao\Guia de Coleta\GUIA-COLETA-DADOS-4D.html","OK"
"Elevate 4D\Visao Geral\ELEVATE-4D-VISAO-GERAL.html","../Fluxo%20de%20Classificacao/SOP/FLUXO-CLASSIFICACAO-4D.html","Elevate 4D\Fluxo de Classificacao\SOP\FLUXO-CLASSIFICACAO-4D.html","OK"
"Elevate 4D\Visao Geral\ELEVATE-4D-VISAO-GERAL.html","../Fluxo%20de%20Classificacao/Prompt/PROMPT-CLASSIFICACAO-4D.html","Elevate 4D\Fluxo de Classificacao\Prompt\PROMPT-CLASSIFICACAO-4D.html","OK"
"Elevate 4D\Visao Geral\ELEVATE-4D-VISAO-GERAL.html","../Fluxo%20de%20Classificacao/CALCULADORA-4D.xlsx","Elevate 4D\Fluxo de Classificacao\CALCULADORA-4D.xlsx","OK"
"Elevate 4D\Visao Geral\ELEVATE-4D-VISAO-GERAL.html","../Fluxo%20de%20Classificacao/PAINEL-PORTFOLIO-4D.xlsx","Elevate 4D\Fluxo de Classificacao\PAINEL-PORTFOLIO-4D.xlsx","OK"
"Elevate 4D\Visao Geral\ELEVATE-4D-VISAO-GERAL.html","../One-Pager/ELEVATE-4D-ONE-PAGER.html","Elevate 4D\One-Pager\ELEVATE-4D-ONE-PAGER.html","OK"
"Elevate 4D\Visao Geral\ELEVATE-4D-VISAO-GERAL.html","../Fluxo%20de%20Classificacao/Guia%20de%20Coleta/GUIA-COLETA-DADOS-4D.html","Elevate 4D\Fluxo de Classificacao\Guia de Coleta\GUIA-COLETA-DADOS-4D.html","OK"
"Elevate 4D\Visao Geral\ELEVATE-4D-VISAO-GERAL.html","../Fluxo%20de%20Classificacao/Guia%20de%20Coleta/GUIA-COLETA-DADOS-4D.html","Elevate 4D\Fluxo de Classificacao\Guia de Coleta\GUIA-COLETA-DADOS-4D.html","OK"
"Elevate 4D\Visao Geral\ELEVATE-4D-VISAO-GERAL.html","../Aplicacoes%20(exemplos)/Mossy%20Brand/analise-elevate-4d-mossy-brand-2026-06-11.html","Elevate 4D\Aplicacoes (exemplos)\Mossy Brand\analise-elevate-4d-mossy-brand-2026-06-11.html","OK"
"Elevate 4D\Visao Geral\ELEVATE-4D-VISAO-GERAL.html","../Aplicacoes%20(exemplos)/Peach%20Up/analise-elevate-4d-peachup-2026-06-11.html","Elevate 4D\Aplicacoes (exemplos)\Peach Up\analise-elevate-4d-peachup-2026-06-11.html","OK"
"Elevate 4D\Visao Geral\ELEVATE-4D-VISAO-GERAL.html","../Metodologia/ELEVATE-4D-METODOLOGIA-DIAGNOSTICO.html","Elevate 4D\Metodologia\ELEVATE-4D-METODOLOGIA-DIAGNOSTICO.html","OK"
"Elevate 4D\Visao Geral\ELEVATE-4D-VISAO-GERAL.html","../Metodologia/ELEVATE-4D-METODOLOGIA-DIAGNOSTICO.html","Elevate 4D\Metodologia\ELEVATE-4D-METODOLOGIA-DIAGNOSTICO.html","OK"
"Elevate 4D\Visao Geral\ELEVATE-4D-VISAO-GERAL.html","../One-Pager/ELEVATE-4D-ONE-PAGER.html","Elevate 4D\One-Pager\ELEVATE-4D-ONE-PAGER.html","OK"
"Elevate 4D\Visao Geral\ELEVATE-4D-VISAO-GERAL.html","../Fluxo%20de%20Classificacao/Guia%20de%20Coleta/GUIA-COLETA-DADOS-4D.html","Elevate 4D\Fluxo de Classificacao\Guia de Coleta\GUIA-COLETA-DADOS-4D.html","OK"
"Elevate 4D\Visao Geral\ELEVATE-4D-VISAO-GERAL.html","../Fluxo%20de%20Classificacao/SOP/FLUXO-CLASSIFICACAO-4D.html","Elevate 4D\Fluxo de Classificacao\SOP\FLUXO-CLASSIFICACAO-4D.html","OK"
"Elevate 4D\Visao Geral\ELEVATE-4D-VISAO-GERAL.html","../Fluxo%20de%20Classificacao/Prompt/PROMPT-CLASSIFICACAO-4D.html","Elevate 4D\Fluxo de Classificacao\Prompt\PROMPT-CLASSIFICACAO-4D.html","OK"
"Elevate 4D\Visao Geral\ELEVATE-4D-VISAO-GERAL.html","../Fluxo%20de%20Classificacao/CALCULADORA-4D.xlsx","Elevate 4D\Fluxo de Classificacao\CALCULADORA-4D.xlsx","OK"
"Elevate 4D\Visao Geral\ELEVATE-4D-VISAO-GERAL.html","../Diagnostico%20Estrategico/MODELO-DIAGNOSTICO-ESTRATEGICO-4D.html","Elevate 4D\Diagnostico Estrategico\MODELO-DIAGNOSTICO-ESTRATEGICO-4D.html","OK"
"Elevate 4D\Visao Geral\ELEVATE-4D-VISAO-GERAL.html","../Playbook%20de%20Implantacao/PLAYBOOK-IMPLANTACAO-4D.html","Elevate 4D\Playbook de Implantacao\PLAYBOOK-IMPLANTACAO-4D.html","OK"
"Elevate 4D\Visao Geral\ELEVATE-4D-VISAO-GERAL.html","../Aplicacoes%20(exemplos)/","Elevate 4D\Aplicacoes (exemplos)\index.html","MISSING_FILE"
"Elevate 4D\Visao Geral\ELEVATE-4D-VISAO-GERAL.html","../README.html","Elevate 4D\README.html","OK"
"Elevate 4D\Visao Geral\ELEVATE-4D-VISAO-GERAL.html","../Playbook%20de%20Implantacao/PLAYBOOK-IMPLANTACAO-4D.html","Elevate 4D\Playbook de Implantacao\PLAYBOOK-IMPLANTACAO-4D.html","OK"
"Elevate 4D\Visao Geral\ELEVATE-4D-VISAO-GERAL.html","../Fluxo%20de%20Classificacao/ENTRADA-DADOS-4D.html","Elevate 4D\Fluxo de Classificacao\ENTRADA-DADOS-4D.html","OK"
"Elevate 4D\Visao Geral\ELEVATE-4D-VISAO-GERAL.html","../Fluxo%20de%20Classificacao/SUPABASE-SETUP-4D.html","Elevate 4D\Fluxo de Classificacao\SUPABASE-SETUP-4D.html","OK"
"Elevate 4D\Visao Geral\ELEVATE-4D-VISAO-GERAL.html","../Fluxo%20de%20Classificacao/CALCULADORA-4D.xlsx","Elevate 4D\Fluxo de Classificacao\CALCULADORA-4D.xlsx","OK"
"Elevate 4D\Visao Geral\ELEVATE-4D-VISAO-GERAL.html","../Diagnostico%20Estrategico/MODELO-DIAGNOSTICO-ESTRATEGICO-4D.html","Elevate 4D\Diagnostico Estrategico\MODELO-DIAGNOSTICO-ESTRATEGICO-4D.html","OK"
"Elevate 4D\Visao Geral\ELEVATE-4D-VISAO-GERAL.html","../Fluxo%20de%20Classificacao/Guia%20de%20Coleta/GUIA-COLETA-DADOS-4D.html","Elevate 4D\Fluxo de Classificacao\Guia de Coleta\GUIA-COLETA-DADOS-4D.html","OK"
"Elevate 4D\Visao Geral\ELEVATE-4D-VISAO-GERAL.html","../Diagnostico%20Estrategico/MODELO-DIAGNOSTICO-ESTRATEGICO-4D.html","Elevate 4D\Diagnostico Estrategico\MODELO-DIAGNOSTICO-ESTRATEGICO-4D.html","OK"
"Elevate 4D\Visao Geral\ELEVATE-4D-VISAO-GERAL.html","../Metodologia/ELEVATE-4D-METODOLOGIA-DIAGNOSTICO.html","Elevate 4D\Metodologia\ELEVATE-4D-METODOLOGIA-DIAGNOSTICO.html","OK"
"Entregaveis\Analise-Alimentos-Bebidas\index.html","#ranking","Entregaveis\Analise-Alimentos-Bebidas\index.html","OK"
"Entregaveis\Analise-Alimentos-Bebidas\index.html","#lojas","Entregaveis\Analise-Alimentos-Bebidas\index.html","OK"
"Entregaveis\Analise-Alimentos-Bebidas\index.html","#videos","Entregaveis\Analise-Alimentos-Bebidas\index.html","OK"
"Entregaveis\Analise-Automotivo-Moto\index.html","#ranking","Entregaveis\Analise-Automotivo-Moto\index.html","OK"
"Entregaveis\Analise-Automotivo-Moto\index.html","#lojas","Entregaveis\Analise-Automotivo-Moto\index.html","OK"
"Entregaveis\Analise-Automotivo-Moto\index.html","#videos","Entregaveis\Analise-Automotivo-Moto\index.html","OK"
"Entregaveis\Analise-Bebe-Maternidade\index.html","#ranking","Entregaveis\Analise-Bebe-Maternidade\index.html","OK"
"Entregaveis\Analise-Bebe-Maternidade\index.html","#lojas","Entregaveis\Analise-Bebe-Maternidade\index.html","OK"
"Entregaveis\Analise-Bebe-Maternidade\index.html","#videos","Entregaveis\Analise-Bebe-Maternidade\index.html","OK"
"Entregaveis\Analise-Brinquedos-Passatempos\index.html","#ranking","Entregaveis\Analise-Brinquedos-Passatempos\index.html","OK"
"Entregaveis\Analise-Brinquedos-Passatempos\index.html","#lojas","Entregaveis\Analise-Brinquedos-Passatempos\index.html","OK"
"Entregaveis\Analise-Brinquedos-Passatempos\index.html","#videos","Entregaveis\Analise-Brinquedos-Passatempos\index.html","OK"
"Entregaveis\Analise-Colecionaveis\index.html","#ranking","Entregaveis\Analise-Colecionaveis\index.html","OK"
"Entregaveis\Analise-Colecionaveis\index.html","#lojas","Entregaveis\Analise-Colecionaveis\index.html","OK"
"Entregaveis\Analise-Colecionaveis\index.html","#videos","Entregaveis\Analise-Colecionaveis\index.html","OK"
"Entregaveis\Analise-Computadores-Escritorio\index.html","#ranking","Entregaveis\Analise-Computadores-Escritorio\index.html","OK"
"Entregaveis\Analise-Computadores-Escritorio\index.html","#lojas","Entregaveis\Analise-Computadores-Escritorio\index.html","OK"
"Entregaveis\Analise-Computadores-Escritorio\index.html","#videos","Entregaveis\Analise-Computadores-Escritorio\index.html","OK"
"Entregaveis\Analise-Eletrodomesticos\index.html","#ranking","Entregaveis\Analise-Eletrodomesticos\index.html","OK"
"Entregaveis\Analise-Eletrodomesticos\index.html","#lojas","Entregaveis\Analise-Eletrodomesticos\index.html","OK"
"Entregaveis\Analise-Eletrodomesticos\index.html","#videos","Entregaveis\Analise-Eletrodomesticos\index.html","OK"
"Entregaveis\Analise-Esportes\index.html","#ranking","Entregaveis\Analise-Esportes\index.html","OK"
"Entregaveis\Analise-Esportes\index.html","#lojas","Entregaveis\Analise-Esportes\index.html","OK"
"Entregaveis\Analise-Esportes\index.html","#videos","Entregaveis\Analise-Esportes\index.html","OK"
"Entregaveis\Analise-Ferramentas-Hardware\index.html","#ranking","Entregaveis\Analise-Ferramentas-Hardware\index.html","OK"
"Entregaveis\Analise-Ferramentas-Hardware\index.html","#lojas","Entregaveis\Analise-Ferramentas-Hardware\index.html","OK"
"Entregaveis\Analise-Ferramentas-Hardware\index.html","#videos","Entregaveis\Analise-Ferramentas-Hardware\index.html","OK"
"Entregaveis\Analise-Joias-Acessorios\index.html","#ranking","Entregaveis\Analise-Joias-Acessorios\index.html","OK"
"Entregaveis\Analise-Joias-Acessorios\index.html","#lojas","Entregaveis\Analise-Joias-Acessorios\index.html","OK"
"Entregaveis\Analise-Joias-Acessorios\index.html","#videos","Entregaveis\Analise-Joias-Acessorios\index.html","OK"
"Entregaveis\Analise-Lirios-Store\index.html","img/ref-look-verao-listrado.jpg","Entregaveis\Analise-Lirios-Store\img\ref-look-verao-listrado.jpg","OK"
"Entregaveis\Analise-Lirios-Store\index.html","img/ref-hering-verao.jpg","Entregaveis\Analise-Lirios-Store\img\ref-hering-verao.jpg","OK"
"Entregaveis\Analise-Lirios-Store\index.html","img/ref-macaquinho-marrom.jpg","Entregaveis\Analise-Lirios-Store\img\ref-macaquinho-marrom.jpg","OK"
"Entregaveis\Analise-Lirios-Store\index.html","img/ref-look-amarelo.jpg","Entregaveis\Analise-Lirios-Store\img\ref-look-amarelo.jpg","OK"
"Entregaveis\Analise-Lirios-Store\index.html","img/ref-conjunto-preto.jpg","Entregaveis\Analise-Lirios-Store\img\ref-conjunto-preto.jpg","OK"
"Entregaveis\Analise-Livros-Revistas\index.html","#ranking","Entregaveis\Analise-Livros-Revistas\index.html","OK"
"Entregaveis\Analise-Livros-Revistas\index.html","#lojas","Entregaveis\Analise-Livros-Revistas\index.html","OK"
"Entregaveis\Analise-Livros-Revistas\index.html","#videos","Entregaveis\Analise-Livros-Revistas\index.html","OK"
"Entregaveis\Analise-Malas-Bolsas\index.html","#ranking","Entregaveis\Analise-Malas-Bolsas\index.html","OK"
"Entregaveis\Analise-Malas-Bolsas\index.html","#lojas","Entregaveis\Analise-Malas-Bolsas\index.html","OK"
"Entregaveis\Analise-Malas-Bolsas\index.html","#videos","Entregaveis\Analise-Malas-Bolsas\index.html","OK"
"Entregaveis\Analise-Moda-Infantil\index.html","#ranking","Entregaveis\Analise-Moda-Infantil\index.html","OK"
"Entregaveis\Analise-Moda-Infantil\index.html","#lojas","Entregaveis\Analise-Moda-Infantil\index.html","OK"
"Entregaveis\Analise-Moda-Infantil\index.html","#videos","Entregaveis\Analise-Moda-Infantil\index.html","OK"
"Entregaveis\Analise-Moda-Muculmana\index.html","#ranking","Entregaveis\Analise-Moda-Muculmana\index.html","OK"
"Entregaveis\Analise-Moda-Muculmana\index.html","#lojas","Entregaveis\Analise-Moda-Muculmana\index.html","OK"
"Entregaveis\Analise-Moveis\index.html","#ranking","Entregaveis\Analise-Moveis\index.html","OK"
"Entregaveis\Analise-Moveis\index.html","#lojas","Entregaveis\Analise-Moveis\index.html","OK"
"Entregaveis\Analise-Moveis\index.html","#videos","Entregaveis\Analise-Moveis\index.html","OK"
"Entregaveis\Analise-Nicho-Beleza\index.html","#ranking","Entregaveis\Analise-Nicho-Beleza\index.html","OK"
"Entregaveis\Analise-Nicho-Beleza\index.html","#lojas","Entregaveis\Analise-Nicho-Beleza\index.html","OK"
"Entregaveis\Analise-Nicho-Beleza\index.html","#criativos","Entregaveis\Analise-Nicho-Beleza\index.html","OK"
"Entregaveis\Analise-Pet\index.html","#ranking","Entregaveis\Analise-Pet\index.html","OK"
"Entregaveis\Analise-Pet\index.html","#lojas","Entregaveis\Analise-Pet\index.html","OK"
"Entregaveis\Analise-Pet\index.html","#videos","Entregaveis\Analise-Pet\index.html","OK"
"Entregaveis\Analise-Reformas-Residenciais\index.html","#ranking","Entregaveis\Analise-Reformas-Residenciais\index.html","OK"
"Entregaveis\Analise-Reformas-Residenciais\index.html","#lojas","Entregaveis\Analise-Reformas-Residenciais\index.html","OK"
"Entregaveis\Analise-Reformas-Residenciais\index.html","#videos","Entregaveis\Analise-Reformas-Residenciais\index.html","OK"
"Entregaveis\Analise-Roupas-Femininas\index.html","#ranking","Entregaveis\Analise-Roupas-Femininas\index.html","OK"
"Entregaveis\Analise-Roupas-Femininas\index.html","#lojas","Entregaveis\Analise-Roupas-Femininas\index.html","OK"
"Entregaveis\Analise-Roupas-Femininas\index.html","#videos","Entregaveis\Analise-Roupas-Femininas\index.html","OK"
"Entregaveis\Analise-Roupas-Masculinas\index.html","#ranking","Entregaveis\Analise-Roupas-Masculinas\index.html","OK"
"Entregaveis\Analise-Roupas-Masculinas\index.html","#lojas","Entregaveis\Analise-Roupas-Masculinas\index.html","OK"
"Entregaveis\Analise-Roupas-Masculinas\index.html","#videos","Entregaveis\Analise-Roupas-Masculinas\index.html","OK"
"Entregaveis\Analise-Sapatos\index.html","#ranking","Entregaveis\Analise-Sapatos\index.html","OK"
"Entregaveis\Analise-Sapatos\index.html","#lojas","Entregaveis\Analise-Sapatos\index.html","OK"
"Entregaveis\Analise-Sapatos\index.html","#videos","Entregaveis\Analise-Sapatos\index.html","OK"
"Entregaveis\Analise-Saude\index.html","#ranking","Entregaveis\Analise-Saude\index.html","OK"
"Entregaveis\Analise-Saude\index.html","#lojas","Entregaveis\Analise-Saude\index.html","OK"
"Entregaveis\Analise-Saude\index.html","#videos","Entregaveis\Analise-Saude\index.html","OK"
"Entregaveis\Analise-Suprimentos-Domesticos\index.html","#ranking","Entregaveis\Analise-Suprimentos-Domesticos\index.html","OK"
"Entregaveis\Analise-Suprimentos-Domesticos\index.html","#lojas","Entregaveis\Analise-Suprimentos-Domesticos\index.html","OK"
"Entregaveis\Analise-Suprimentos-Domesticos\index.html","#videos","Entregaveis\Analise-Suprimentos-Domesticos\index.html","OK"
"Entregaveis\Analise-Telefones-Eletronicos\index.html","#ranking","Entregaveis\Analise-Telefones-Eletronicos\index.html","OK"
"Entregaveis\Analise-Telefones-Eletronicos\index.html","#lojas","Entregaveis\Analise-Telefones-Eletronicos\index.html","OK"
"Entregaveis\Analise-Telefones-Eletronicos\index.html","#videos","Entregaveis\Analise-Telefones-Eletronicos\index.html","OK"
"Entregaveis\Analise-Texteis-Moveis\index.html","#ranking","Entregaveis\Analise-Texteis-Moveis\index.html","OK"
"Entregaveis\Analise-Texteis-Moveis\index.html","#lojas","Entregaveis\Analise-Texteis-Moveis\index.html","OK"
"Entregaveis\Analise-Texteis-Moveis\index.html","#videos","Entregaveis\Analise-Texteis-Moveis\index.html","OK"
"Entregaveis\Analise-Utensilios-Cozinha\index.html","#ranking","Entregaveis\Analise-Utensilios-Cozinha\index.html","OK"
"Entregaveis\Analise-Utensilios-Cozinha\index.html","#lojas","Entregaveis\Analise-Utensilios-Cozinha\index.html","OK"
"Entregaveis\Analise-Utensilios-Cozinha\index.html","#videos","Entregaveis\Analise-Utensilios-Cozinha\index.html","OK"
"Entregaveis\Creators-Acessorios\index.html","#creators","Entregaveis\Creators-Acessorios\index.html","OK"
"Entregaveis\Creators-Acessorios\index.html","#videos","Entregaveis\Creators-Acessorios\index.html","OK"
"Entregaveis\Creators-Master\index.html","./creators.xlsx","Entregaveis\Creators-Master\creators.xlsx","OK"
"Entregaveis\Mapa-Oportunidade-Categorias\Mapa_Oportunidade.html","#cat1","Entregaveis\Mapa-Oportunidade-Categorias\Mapa_Oportunidade.html","OK"
"Entregaveis\Mapa-Oportunidade-Categorias\Mapa_Oportunidade.html","#cat2","Entregaveis\Mapa-Oportunidade-Categorias\Mapa_Oportunidade.html","OK"
"Entregaveis\Mapa-Oportunidade-Categorias\Mapa_Oportunidade.html","#cat3","Entregaveis\Mapa-Oportunidade-Categorias\Mapa_Oportunidade.html","OK"
"Entregaveis\Mapa-Oportunidade-Categorias\Mapa_Oportunidade.html","#cat4","Entregaveis\Mapa-Oportunidade-Categorias\Mapa_Oportunidade.html","OK"
"Entregaveis\Mapa-Oportunidade-Categorias\Mapa_Oportunidade.html","#cat5","Entregaveis\Mapa-Oportunidade-Categorias\Mapa_Oportunidade.html","OK"
"Entregaveis\Mapa-Oportunidade-Categorias\Mapa_Oportunidade.html","#cat6","Entregaveis\Mapa-Oportunidade-Categorias\Mapa_Oportunidade.html","OK"
"Entregaveis\Mapa-Oportunidade-Categorias\Mapa_Oportunidade.html","#cat7","Entregaveis\Mapa-Oportunidade-Categorias\Mapa_Oportunidade.html","OK"
"Entregaveis\Mapa-Oportunidade-Categorias\Mapa_Oportunidade.html","#cat8","Entregaveis\Mapa-Oportunidade-Categorias\Mapa_Oportunidade.html","OK"
"Entregaveis\Mapa-Oportunidade-Categorias\Mapa_Oportunidade.html","#cat9","Entregaveis\Mapa-Oportunidade-Categorias\Mapa_Oportunidade.html","OK"
"Entregaveis\Mapa-Oportunidade-Categorias\Mapa_Oportunidade.html","#cat10","Entregaveis\Mapa-Oportunidade-Categorias\Mapa_Oportunidade.html","OK"
"Entregaveis\Mapa-Oportunidade-Categorias\Mapa_Oportunidade.html","#cat11","Entregaveis\Mapa-Oportunidade-Categorias\Mapa_Oportunidade.html","OK"
"Entregaveis\Mapa-Oportunidade-Categorias\Mapa_Oportunidade.html","#cat12","Entregaveis\Mapa-Oportunidade-Categorias\Mapa_Oportunidade.html","OK"
"Entregaveis\Mapa-Oportunidade-Categorias\Mapa_Oportunidade.html","#cat13","Entregaveis\Mapa-Oportunidade-Categorias\Mapa_Oportunidade.html","OK"
"Entregaveis\Mapa-Oportunidade-Categorias\Mapa_Oportunidade.html","#cat14","Entregaveis\Mapa-Oportunidade-Categorias\Mapa_Oportunidade.html","OK"
"Entregaveis\Mapa-Oportunidade-Categorias\Mapa_Oportunidade.html","#cat15","Entregaveis\Mapa-Oportunidade-Categorias\Mapa_Oportunidade.html","OK"
"Entregaveis\Mapa-Oportunidade-Categorias\Mapa_Oportunidade.html","#cat16","Entregaveis\Mapa-Oportunidade-Categorias\Mapa_Oportunidade.html","OK"
"Entregaveis\Mapa-Oportunidade-Categorias\Mapa_Oportunidade.html","#cat17","Entregaveis\Mapa-Oportunidade-Categorias\Mapa_Oportunidade.html","OK"
"Entregaveis\Mapa-Oportunidade-Categorias\Mapa_Oportunidade.html","#cat18","Entregaveis\Mapa-Oportunidade-Categorias\Mapa_Oportunidade.html","OK"
"Entregaveis\Mapa-Oportunidade-Categorias\Mapa_Oportunidade.html","#cat19","Entregaveis\Mapa-Oportunidade-Categorias\Mapa_Oportunidade.html","OK"
"Entregaveis\Mapa-Oportunidade-Categorias\Mapa_Oportunidade.html","#cat20","Entregaveis\Mapa-Oportunidade-Categorias\Mapa_Oportunidade.html","OK"
"Entregaveis\Mapa-Oportunidade-Categorias\Mapa_Oportunidade.html","#cat21","Entregaveis\Mapa-Oportunidade-Categorias\Mapa_Oportunidade.html","OK"
"Entregaveis\Mapa-Oportunidade-Categorias\Mapa_Oportunidade.html","#cat22","Entregaveis\Mapa-Oportunidade-Categorias\Mapa_Oportunidade.html","OK"
"Entregaveis\Mapa-Oportunidade-Categorias\Mapa_Oportunidade.html","#cat23","Entregaveis\Mapa-Oportunidade-Categorias\Mapa_Oportunidade.html","OK"
"Entregaveis\Mapa-Oportunidade-Categorias\Mapa_Oportunidade.html","#cat24","Entregaveis\Mapa-Oportunidade-Categorias\Mapa_Oportunidade.html","OK"
"Entregaveis\Mapa-Oportunidade-Categorias\Mapa_Oportunidade.html","#cat25","Entregaveis\Mapa-Oportunidade-Categorias\Mapa_Oportunidade.html","OK"
"Entregaveis\Mapa-Oportunidade-Categorias\Mapa_Oportunidade.html","#cat26","Entregaveis\Mapa-Oportunidade-Categorias\Mapa_Oportunidade.html","OK"
"Entregaveis\Mapa-Oportunidade-Categorias\Mapa_Oportunidade.html","#cat27","Entregaveis\Mapa-Oportunidade-Categorias\Mapa_Oportunidade.html","OK"
"Entregaveis\Roadmap-TikTokShop\index.html","../Analise-Nicho-Beleza/index.html","Entregaveis\Analise-Nicho-Beleza\index.html","OK"
"Entregaveis\Roadmap-TikTokShop\index.html","../Analise-Roupas-Femininas/index.html","Entregaveis\Analise-Roupas-Femininas\index.html","OK"
"Entregaveis\Roadmap-TikTokShop\index.html","../Analise-Esportes/index.html","Entregaveis\Analise-Esportes\index.html","OK"
"Entregaveis\Roadmap-TikTokShop\index.html","../Analise-Saude/index.html","Entregaveis\Analise-Saude\index.html","OK"
"Entregaveis\Roadmap-TikTokShop\index.html","../Analise-Telefones-Eletronicos/index.html","Entregaveis\Analise-Telefones-Eletronicos\index.html","OK"
"Entregaveis\Roadmap-TikTokShop\index.html","../Analise-Roupas-Masculinas/index.html","Entregaveis\Analise-Roupas-Masculinas\index.html","OK"
"Entregaveis\Roadmap-TikTokShop\index.html","../Analise-Utensilios-Cozinha/index.html","Entregaveis\Analise-Utensilios-Cozinha\index.html","OK"
"Entregaveis\Roadmap-TikTokShop\index.html","../Analise-Suprimentos-Domesticos/index.html","Entregaveis\Analise-Suprimentos-Domesticos\index.html","OK"
"Entregaveis\Roadmap-TikTokShop\index.html","../Analise-Texteis-Moveis/index.html","Entregaveis\Analise-Texteis-Moveis\index.html","OK"
"Entregaveis\Roadmap-TikTokShop\index.html","../Creators-Acessorios/index.html","Entregaveis\Creators-Acessorios\index.html","OK"
"Entregaveis\Roadmap-TikTokShop\index.html","../Analise-Sapatos/index.html","Entregaveis\Analise-Sapatos\index.html","OK"
"Entregaveis\Roadmap-TikTokShop\index.html","../Analise-Eletrodomesticos/index.html","Entregaveis\Analise-Eletrodomesticos\index.html","OK"
"Entregaveis\Roadmap-TikTokShop\index.html","../Analise-Ferramentas-Hardware/index.html","Entregaveis\Analise-Ferramentas-Hardware\index.html","OK"
"Entregaveis\Roadmap-TikTokShop\index.html","../Analise-Malas-Bolsas/index.html","Entregaveis\Analise-Malas-Bolsas\index.html","OK"
"Entregaveis\Roadmap-TikTokShop\index.html","../Analise-Moda-Infantil/index.html","Entregaveis\Analise-Moda-Infantil\index.html","OK"
"Entregaveis\Roadmap-TikTokShop\index.html","../Analise-Computadores-Escritorio/index.html","Entregaveis\Analise-Computadores-Escritorio\index.html","OK"
"Entregaveis\Roadmap-TikTokShop\index.html","../Analise-Automotivo-Moto/index.html","Entregaveis\Analise-Automotivo-Moto\index.html","OK"
"Entregaveis\Roadmap-TikTokShop\index.html","../Analise-Reformas-Residenciais/index.html","Entregaveis\Analise-Reformas-Residenciais\index.html","OK"
"Entregaveis\Roadmap-TikTokShop\index.html","../Analise-Alimentos-Bebidas/index.html","Entregaveis\Analise-Alimentos-Bebidas\index.html","OK"
"Entregaveis\Roadmap-TikTokShop\index.html","../Analise-Livros-Revistas/index.html","Entregaveis\Analise-Livros-Revistas\index.html","OK"
"Entregaveis\Roadmap-TikTokShop\index.html","../Analise-Brinquedos-Passatempos/index.html","Entregaveis\Analise-Brinquedos-Passatempos\index.html","OK"
"Entregaveis\Roadmap-TikTokShop\index.html","../Analise-Joias-Acessorios/index.html","Entregaveis\Analise-Joias-Acessorios\index.html","OK"
"Entregaveis\Roadmap-TikTokShop\index.html","../Analise-Moveis/index.html","Entregaveis\Analise-Moveis\index.html","OK"
"Entregaveis\Roadmap-TikTokShop\index.html","../Analise-Pet/index.html","Entregaveis\Analise-Pet\index.html","OK"
"Entregaveis\Roadmap-TikTokShop\index.html","../Analise-Bebe-Maternidade/index.html","Entregaveis\Analise-Bebe-Maternidade\index.html","OK"
"Entregaveis\Roadmap-TikTokShop\index.html","../Analise-Colecionaveis/index.html","Entregaveis\Analise-Colecionaveis\index.html","OK"
"Entregaveis\Roadmap-TikTokShop\index.html","../Analise-Moda-Muculmana/index.html","Entregaveis\Analise-Moda-Muculmana\index.html","OK"
"Formacao\BOAS-PRATICAS-LIVE-TIKTOK.html","./live-prints/img-criativos.png","Formacao\live-prints\img-criativos.png","OK"
"Formacao\BOAS-PRATICAS-LIVE-TIKTOK.html","./live-prints/img-gmvmax-criar.png","Formacao\live-prints\img-gmvmax-criar.png","OK"
"Formacao\BOAS-PRATICAS-LIVE-TIKTOK.html","./live-prints/img-gmvmax-criativos.png","Formacao\live-prints\img-gmvmax-criativos.png","OK"
"Formacao\BOAS-PRATICAS-LIVE-TIKTOK.html","./live-prints/img-gmvmax-painel.png","Formacao\live-prints\img-gmvmax-painel.png","OK"
"Formacao\BOAS-PRATICAS-LIVE-TIKTOK.html","./live-prints/img-flash.png","Formacao\live-prints\img-flash.png","OK"
"Formacao\BOAS-PRATICAS-LIVE-TIKTOK.html","./live-prints/img-promo.png","Formacao\live-prints\img-promo.png","OK"
"Formacao\BOAS-PRATICAS-LIVE-TIKTOK.html","./live-prints/img-console.png","Formacao\live-prints\img-console.png","OK"
"Formacao\BOAS-PRATICAS-LIVE-TIKTOK.html","./live-prints/img-dashboard.png","Formacao\live-prints\img-dashboard.png","OK"
"Formacao\BOAS-PRATICAS-LIVE-TIKTOK.html","#","Formacao\BOAS-PRATICAS-LIVE-TIKTOK.html","OK"
"Formacao\FUNDAMENTOS-MERCADO-LIVRE.html","#o-que-e","Formacao\FUNDAMENTOS-MERCADO-LIVRE.html","OK"
"Formacao\FUNDAMENTOS-MERCADO-LIVRE.html","#reputacao","Formacao\FUNDAMENTOS-MERCADO-LIVRE.html","OK"
"Formacao\FUNDAMENTOS-MERCADO-LIVRE.html","#envios","Formacao\FUNDAMENTOS-MERCADO-LIVRE.html","OK"
"Formacao\FUNDAMENTOS-MERCADO-LIVRE.html","#catalogo","Formacao\FUNDAMENTOS-MERCADO-LIVRE.html","OK"
"Formacao\FUNDAMENTOS-MERCADO-LIVRE.html","#ads","Formacao\FUNDAMENTOS-MERCADO-LIVRE.html","OK"
"Formacao\FUNDAMENTOS-MERCADO-LIVRE.html","#tarifas","Formacao\FUNDAMENTOS-MERCADO-LIVRE.html","OK"
"Formacao\FUNDAMENTOS-MERCADO-LIVRE.html","#glossario","Formacao\FUNDAMENTOS-MERCADO-LIVRE.html","OK"
"Formacao\FUNDAMENTOS-MERCADO-LIVRE.html","./prints/reputacao-ml.png","Formacao\prints\reputacao-ml.png","OK"
"Formacao\FUNDAMENTOS-MERCADO-LIVRE.html","./prints/full-inbound-ml.png","Formacao\prints\full-inbound-ml.png","OK"
"Formacao\FUNDAMENTOS-MERCADO-LIVRE.html","./prints/full-estoque-ml.png","Formacao\prints\full-estoque-ml.png","OK"
"Formacao\FUNDAMENTOS-MERCADO-LIVRE.html","./prints/full-planejamento-ml.png","Formacao\prints\full-planejamento-ml.png","OK"
"Formacao\FUNDAMENTOS-MERCADO-LIVRE.html","./prints/full-custos-antigo-ml.png","Formacao\prints\full-custos-antigo-ml.png","OK"
"Formacao\FUNDAMENTOS-TIKTOK-SHOP.html","../index.html","index.html","OK"
"Formacao\FUNDAMENTOS-TIKTOK-SHOP.html","#l1","Formacao\FUNDAMENTOS-TIKTOK-SHOP.html","OK"
"Formacao\FUNDAMENTOS-TIKTOK-SHOP.html","#l2","Formacao\FUNDAMENTOS-TIKTOK-SHOP.html","OK"
"Formacao\FUNDAMENTOS-TIKTOK-SHOP.html","#l3","Formacao\FUNDAMENTOS-TIKTOK-SHOP.html","OK"
"Formacao\FUNDAMENTOS-TIKTOK-SHOP.html","#l4","Formacao\FUNDAMENTOS-TIKTOK-SHOP.html","OK"
"Formacao\FUNDAMENTOS-TIKTOK-SHOP.html","#l5","Formacao\FUNDAMENTOS-TIKTOK-SHOP.html","OK"
"Formacao\FUNDAMENTOS-TIKTOK-SHOP.html","#l6","Formacao\FUNDAMENTOS-TIKTOK-SHOP.html","OK"
"Formacao\FUNDAMENTOS-TIKTOK-SHOP.html","#c2l1","Formacao\FUNDAMENTOS-TIKTOK-SHOP.html","OK"
"Formacao\FUNDAMENTOS-TIKTOK-SHOP.html","#c2l2","Formacao\FUNDAMENTOS-TIKTOK-SHOP.html","OK"
"Formacao\FUNDAMENTOS-TIKTOK-SHOP.html","#c2l3","Formacao\FUNDAMENTOS-TIKTOK-SHOP.html","OK"
"Formacao\FUNDAMENTOS-TIKTOK-SHOP.html","#c2l4","Formacao\FUNDAMENTOS-TIKTOK-SHOP.html","OK"
"Formacao\FUNDAMENTOS-TIKTOK-SHOP.html","#c2l5","Formacao\FUNDAMENTOS-TIKTOK-SHOP.html","OK"
"Formacao\FUNDAMENTOS-TIKTOK-SHOP.html","#c3l1","Formacao\FUNDAMENTOS-TIKTOK-SHOP.html","OK"
"Formacao\FUNDAMENTOS-TIKTOK-SHOP.html","#c3l2","Formacao\FUNDAMENTOS-TIKTOK-SHOP.html","OK"
"Formacao\FUNDAMENTOS-TIKTOK-SHOP.html","#c3l3","Formacao\FUNDAMENTOS-TIKTOK-SHOP.html","OK"
"Formacao\FUNDAMENTOS-TIKTOK-SHOP.html","#c3l4","Formacao\FUNDAMENTOS-TIKTOK-SHOP.html","OK"
"Formacao\FUNDAMENTOS-TIKTOK-SHOP.html","#c3l5","Formacao\FUNDAMENTOS-TIKTOK-SHOP.html","OK"
"Formacao\FUNDAMENTOS-TIKTOK-SHOP.html","../Elevate%204D/Playbook%20de%20Implantacao/Documentos%20para%20o%20Cliente/TUTORIAL-ACESSO-COLABORADOR.html","Elevate 4D\Playbook de Implantacao\Documentos para o Cliente\TUTORIAL-ACESSO-COLABORADOR.html","OK"
"Formacao\FUNDAMENTOS-TIKTOK-SHOP.html","../Elevate%204D/Playbook%20de%20Implantacao/Documentos%20para%20o%20Cliente/TUTORIAL-ACESSO-COLABORADOR.pdf","Elevate 4D\Playbook de Implantacao\Documentos para o Cliente\TUTORIAL-ACESSO-COLABORADOR.pdf","OK"
"Formacao\FUNDAMENTOS-TIKTOK-SHOP.html","#","Formacao\FUNDAMENTOS-TIKTOK-SHOP.html","OK"
"Formacao\RECOMENDACOES-EXPLORACAO-ADS.html","../index.html","index.html","OK"
"Formacao\Live que Vende\index.html","./Programa-Formacao-Live-que-Vende.html","Formacao\Live que Vende\Programa-Formacao-Live-que-Vende.html","OK"
"Formacao\Live que Vende\index.html","./Proposta-Formacao-Live-que-Vende.html","Formacao\Live que Vende\Proposta-Formacao-Live-que-Vende.html","OK"
"Formacao\Live que Vende\index.html","./Guia-Setup-Equipamentos.html","Formacao\Live que Vende\Guia-Setup-Equipamentos.html","OK"
"Formacao\Live que Vende\index.html","./Programa-Formacao-Live-que-Vende.pdf","Formacao\Live que Vende\Programa-Formacao-Live-que-Vende.pdf","OK"
"Formacao\Live que Vende\index.html","./Proposta-Formacao-Live-que-Vende.pdf","Formacao\Live que Vende\Proposta-Formacao-Live-que-Vende.pdf","OK"
"Formacao\Live que Vende\index.html","./Guia-Setup-Equipamentos.pdf","Formacao\Live que Vende\Guia-Setup-Equipamentos.pdf","OK"
"Formacao\Live que Vende\index.html","../../index.html","index.html","OK"
"Formacao\Live que Vende\Programa-Formacao-Live-que-Vende.html","Proposta-Formacao-Live-que-Vende.html","Formacao\Live que Vende\Proposta-Formacao-Live-que-Vende.html","OK"
"Formacao\Live que Vende\Programa-Formacao-Live-que-Vende.html","Guia-Setup-Equipamentos.html","Formacao\Live que Vende\Guia-Setup-Equipamentos.html","OK"
"Formacao\Live que Vende\Programa-Formacao-Live-que-Vende.html","Guia-Setup-Equipamentos.html","Formacao\Live que Vende\Guia-Setup-Equipamentos.html","OK"
"Formacao\Live que Vende\Programa-Formacao-Live-que-Vende.html","Proposta-Formacao-Live-que-Vende.html","Formacao\Live que Vende\Proposta-Formacao-Live-que-Vende.html","OK"
"Landing Onboarding\index.html","#top","Landing Onboarding\index.html","OK"
"Landing Onboarding\index.html","#jornada","Landing Onboarding\index.html","OK"
"Landing Onboarding\index.html","#criterios","Landing Onboarding\index.html","OK"
"Landing Onboarding\index.html","#equipe","Landing Onboarding\index.html","OK"
"Landing Onboarding\index.html","#timeline","Landing Onboarding\index.html","OK"
"Landing Onboarding\index.html","#reunioes","Landing Onboarding\index.html","OK"
"Landing Onboarding\index.html","#entregaveis","Landing Onboarding\index.html","OK"
"Landing Onboarding\index.html","#funil","Landing Onboarding\index.html","OK"
"Landing Onboarding\index.html","#stakeholders","Landing Onboarding\index.html","OK"
"Landing Onboarding\index.html","#jornada","Landing Onboarding\index.html","OK"
"Landing Onboarding\index.html","fotos-equipe/talisson.jpg","Landing Onboarding\fotos-equipe\talisson.jpg","OK"
"Landing Onboarding\index.html","fotos-equipe/klyver.jpg","Landing Onboarding\fotos-equipe\klyver.jpg","OK"
"Landing Onboarding\index.html","fotos-equipe/lorena.jpg","Landing Onboarding\fotos-equipe\lorena.jpg","OK"
"Landing Onboarding\index.html","fotos-equipe/lucas-munhoz.jpg","Landing Onboarding\fotos-equipe\lucas-munhoz.jpg","OK"
"Landing Onboarding\index.html","fotos-equipe/luis-filippe.jpg","Landing Onboarding\fotos-equipe\luis-filippe.jpg","OK"
"Landing Onboarding\index.html","fotos-equipe/guilherme.jpg","Landing Onboarding\fotos-equipe\guilherme.jpg","OK"
"Landing Onboarding\index.html","fotos-equipe/davi.jpg","Landing Onboarding\fotos-equipe\davi.jpg","OK"
"Landing Onboarding\index.html","fotos-equipe/vinicius.jpg","Landing Onboarding\fotos-equipe\vinicius.jpg","OK"
"Landing Onboarding\index.html","fotos-equipe/leandro.jpg","Landing Onboarding\fotos-equipe\leandro.jpg","MISSING_FILE"
"Landing Onboarding\index.html","fotos-equipe/lucas-mateus.jpg","Landing Onboarding\fotos-equipe\lucas-mateus.jpg","MISSING_FILE"
"Landing Onboarding\index.html","../Elevate%204D/Playbook%20de%20Implantacao/GUIA-REUNIOES-CAPACITACAO-4D.html#r01","Elevate 4D\Playbook de Implantacao\GUIA-REUNIOES-CAPACITACAO-4D.html","OK"
"Landing Onboarding\index.html","../Elevate%204D/Playbook%20de%20Implantacao/GUIA-REUNIOES-CAPACITACAO-4D.html#r02","Elevate 4D\Playbook de Implantacao\GUIA-REUNIOES-CAPACITACAO-4D.html","OK"
"Landing Onboarding\index.html","../Elevate%204D/Playbook%20de%20Implantacao/GUIA-REUNIOES-CAPACITACAO-4D.html#r03","Elevate 4D\Playbook de Implantacao\GUIA-REUNIOES-CAPACITACAO-4D.html","OK"
"Landing Onboarding\index.html","../Elevate%204D/Playbook%20de%20Implantacao/GUIA-REUNIOES-CAPACITACAO-4D.html#r04","Elevate 4D\Playbook de Implantacao\GUIA-REUNIOES-CAPACITACAO-4D.html","OK"
"Landing Onboarding\index.html","../Elevate%204D/Playbook%20de%20Implantacao/GUIA-REUNIOES-CAPACITACAO-4D.html#r05","Elevate 4D\Playbook de Implantacao\GUIA-REUNIOES-CAPACITACAO-4D.html","OK"
"Landing Onboarding\index.html","../Elevate%204D/Playbook%20de%20Implantacao/GUIA-REUNIOES-CAPACITACAO-4D.html#r06","Elevate 4D\Playbook de Implantacao\GUIA-REUNIOES-CAPACITACAO-4D.html","OK"
"Landing Onboarding\index.html","../Elevate%204D/Playbook%20de%20Implantacao/GUIA-REUNIOES-CAPACITACAO-4D.html#r07","Elevate 4D\Playbook de Implantacao\GUIA-REUNIOES-CAPACITACAO-4D.html","OK"
"Landing Onboarding\index.html","../Elevate%204D/Playbook%20de%20Implantacao/GUIA-REUNIOES-CAPACITACAO-4D.html#r08","Elevate 4D\Playbook de Implantacao\GUIA-REUNIOES-CAPACITACAO-4D.html","OK"
"Landing Onboarding\index.html","../Elevate%204D/Playbook%20de%20Implantacao/GUIA-REUNIOES-CAPACITACAO-4D.html#r09","Elevate 4D\Playbook de Implantacao\GUIA-REUNIOES-CAPACITACAO-4D.html","OK"
"Landing Onboarding\index.html","img-funil/p03.jpg","Landing Onboarding\img-funil\p03.jpg","OK"
"Landing Onboarding\index.html","img-funil/p05.jpg","Landing Onboarding\img-funil\p05.jpg","OK"
"Landing Onboarding\index.html","img-funil/p15.jpg","Landing Onboarding\img-funil\p15.jpg","OK"
"Landing Onboarding\index.html","img-funil/p16.jpg","Landing Onboarding\img-funil\p16.jpg","OK"
"Landing Onboarding\index.html","img-funil/p17.jpg","Landing Onboarding\img-funil\p17.jpg","OK"
"Landing Onboarding\index.html","img-funil/p18.jpg","Landing Onboarding\img-funil\p18.jpg","OK"
"Landing Onboarding\index.html","img-funil/p19.jpg","Landing Onboarding\img-funil\p19.jpg","OK"
"Landing Onboarding\index.html","img-funil/p20.jpg","Landing Onboarding\img-funil\p20.jpg","OK"
"Landing Onboarding\index.html","img-funil/p21.jpg","Landing Onboarding\img-funil\p21.jpg","OK"
"Landing Onboarding\index.html","img-funil/p22.jpg","Landing Onboarding\img-funil\p22.jpg","OK"
"Landing Onboarding\index.html","img-funil/p23.jpg","Landing Onboarding\img-funil\p23.jpg","OK"
"Landing Onboarding\index.html","img-funil/p29.jpg","Landing Onboarding\img-funil\p29.jpg","OK"
"Landing Onboarding\index.html","#top","Landing Onboarding\index.html","OK"
"Landing Onboarding\index.html","${SHEET}","Landing Onboarding\${SHEET}","MISSING_FILE"
"Mercado Livre 4D\Visao Geral\VISAO-GERAL-ML.html","../../mercadolivre/README.md","mercadolivre\README.md","MISSING_FILE"
