"Url","Status","Local","Detail"
"https://elevate-4d-hub-git-main-fox-squad-s-projects.vercel.app/","200","index.html","text/html"
"https://elevate-4d-hub-git-main-fox-squad-s-projects.vercel.app/Elevate%204D/Categorias%20Restritas/LIBERACAO-CATEGORIAS-RESTRITAS.html","200","Elevate 4D\Categorias Restritas\LIBERACAO-CATEGORIAS-RESTRITAS.html","text/html"
"https://elevate-4d-hub-git-main-fox-squad-s-projects.vercel.app/Boas-Vindas/BEM-VINDO-ELEVATE.html","200","Boas-Vindas\BEM-VINDO-ELEVATE.html","text/html"
"https://elevate-4d-hub-git-main-fox-squad-s-projects.vercel.app/Time%20de%20Elite/BLACK-PANTHER-JULHO-2026.html","200","Time de Elite\BLACK-PANTHER-JULHO-2026.html","text/html"
"https://elevate-4d-hub-git-main-fox-squad-s-projects.vercel.app/Carteiras/CARTEIRAS-POR-SUPERVISOR.html","200","Carteiras\CARTEIRAS-POR-SUPERVISOR.html","text/html"
"https://elevate-4d-hub-git-main-fox-squad-s-projects.vercel.app/Recrutamento/AVALIACAO-PERFIL-CS.html","200","Recrutamento\AVALIACAO-PERFIL-CS.html","text/html"
"https://elevate-4d-hub-git-main-fox-squad-s-projects.vercel.app/Elevate%204D/Visao%20Geral/ELEVATE-4D-VISAO-GERAL.html","200","Elevate 4D\Visao Geral\ELEVATE-4D-VISAO-GERAL.html","text/html"
"https://elevate-4d-hub-git-main-fox-squad-s-projects.vercel.app/Elevate%204D/One-Pager/ELEVATE-4D-ONE-PAGER.html","200","Elevate 4D\One-Pager\ELEVATE-4D-ONE-PAGER.html","text/html"
"https://elevate-4d-hub-git-main-fox-squad-s-projects.vercel.app/Mercado%20Livre%204D/Visao%20Geral/VISAO-GERAL-ML.html","200","Mercado Livre 4D\Visao Geral\VISAO-GERAL-ML.html","text/html"
"https://elevate-4d-hub-git-main-fox-squad-s-projects.vercel.app/Mercado%20Livre%204D/One-Pager/ONE-PAGER-ML.html","200","Mercado Livre 4D\One-Pager\ONE-PAGER-ML.html","text/html"
"https://elevate-4d-hub-git-main-fox-squad-s-projects.vercel.app/Elevate%204D/Metodologia/ELEVATE-4D-METODOLOGIA-DIAGNOSTICO.html","200","Elevate 4D\Metodologia\ELEVATE-4D-METODOLOGIA-DIAGNOSTICO.html","text/html"
"https://elevate-4d-hub-git-main-fox-squad-s-projects.vercel.app/Elevate%204D/README.html","200","Elevate 4D\README.html","text/html"
"https://elevate-4d-hub-git-main-fox-squad-s-projects.vercel.app/Formacao/FUNDAMENTOS-MERCADO-LIVRE.html","200","Formacao\FUNDAMENTOS-MERCADO-LIVRE.html","text/html"
"https://elevate-4d-hub-git-main-fox-squad-s-projects.vercel.app/Formacao/FUNDAMENTOS-TIKTOK-SHOP.html","200","Formacao\FUNDAMENTOS-TIKTOK-SHOP.html","text/html"
"https://elevate-4d-hub-git-main-fox-squad-s-projects.vercel.app/Formacao/BOAS-PRATICAS-LIVE-TIKTOK.html","200","Formacao\BOAS-PRATICAS-LIVE-TIKTOK.html","text/html"
"https://elevate-4d-hub-git-main-fox-squad-s-projects.vercel.app/Formacao/GUIA-CRIADOR-AUTORIZAR-ANUNCIOS.html","200","Formacao\GUIA-CRIADOR-AUTORIZAR-ANUNCIOS.html","text/html"
"https://elevate-4d-hub-git-main-fox-squad-s-projects.vercel.app/Formacao/RECOMENDACOES-EXPLORACAO-ADS.html","200","Formacao\RECOMENDACOES-EXPLORACAO-ADS.html","text/html"
"https://elevate-4d-hub-git-main-fox-squad-s-projects.vercel.app/Formacao/Live%20que%20Vende/","200","Formacao\Live que Vende\index.html","text/html"
"https://elevate-4d-hub-git-main-fox-squad-s-projects.vercel.app/Formacao/Live%20que%20Vende/Programa-Formacao-Live-que-Vende.html","200","Formacao\Live que Vende\Programa-Formacao-Live-que-Vende.html","text/html"
"https://elevate-4d-hub-git-main-fox-squad-s-projects.vercel.app/Formacao/Live%20que%20Vende/Proposta-Formacao-Live-que-Vende.html","200","Formacao\Live que Vende\Proposta-Formacao-Live-que-Vende.html","text/html"
"https://elevate-4d-hub-git-main-fox-squad-s-projects.vercel.app/Formacao/Live%20que%20Vende/Guia-Setup-Equipamentos.html","200","Formacao\Live que Vende\Guia-Setup-Equipamentos.html","text/html"
"https://elevate-4d-hub-git-main-fox-squad-s-projects.vercel.app/Campanhas/CAMPANHA-8-8-TIKTOK-SHOP.html","200","Campanhas\CAMPANHA-8-8-TIKTOK-SHOP.html","text/html"
"https://elevate-4d-hub-git-main-fox-squad-s-projects.vercel.app/Campanhas/CAMPANHA-7-7-TIKTOK-SHOP.html","200","Campanhas\CAMPANHA-7-7-TIKTOK-SHOP.html","text/html"
"https://elevate-4d-hub-git-main-fox-squad-s-projects.vercel.app/Mercado%20Livre%204D/Analise%20de%20Conta/MODO-ANALISE-CONTA-ML.html","200","Mercado Livre 4D\Analise de Conta\MODO-ANALISE-CONTA-ML.html","text/html"
"https://elevate-4d-hub-git-main-fox-squad-s-projects.vercel.app/Elevate%204D/Fluxo%20de%20Classificacao/Guia%20de%20Coleta/GUIA-COLETA-DADOS-4D.html","200","Elevate 4D\Fluxo de Classificacao\Guia de Coleta\GUIA-COLETA-DADOS-4D.html","text/html"
"https://elevate-4d-hub-git-main-fox-squad-s-projects.vercel.app/Elevate%204D/Fluxo%20de%20Classificacao/SOP/FLUXO-CLASSIFICACAO-4D.html","200","Elevate 4D\Fluxo de Classificacao\SOP\FLUXO-CLASSIFICACAO-4D.html","text/html"
"https://elevate-4d-hub-git-main-fox-squad-s-projects.vercel.app/Elevate%204D/Fluxo%20de%20Classificacao/Prompt/PROMPT-CLASSIFICACAO-4D.html","200","Elevate 4D\Fluxo de Classificacao\Prompt\PROMPT-CLASSIFICACAO-4D.html","text/html"
"https://elevate-4d-hub-git-main-fox-squad-s-projects.vercel.app/Elevate%204D/Fluxo%20de%20Classificacao/ENTRADA-DADOS-4D.html","200","Elevate 4D\Fluxo de Classificacao\ENTRADA-DADOS-4D.html","text/html"
"https://elevate-4d-hub-git-main-fox-squad-s-projects.vercel.app/Elevate%204D/Fluxo%20de%20Classificacao/MODELO-PLANEJAMENTO-ESTRATEGICO-4D.html","200","Elevate 4D\Fluxo de Classificacao\MODELO-PLANEJAMENTO-ESTRATEGICO-4D.html","text/html"
"https://elevate-4d-hub-git-main-fox-squad-s-projects.vercel.app/Elevate%204D/Fluxo%20de%20Classificacao/MODELO-RELATORIO-4D.html","200","Elevate 4D\Fluxo de Classificacao\MODELO-RELATORIO-4D.html","text/html"
"https://elevate-4d-hub-git-main-fox-squad-s-projects.vercel.app/Elevate%204D/Fluxo%20de%20Classificacao/CALCULADORA-4D.xlsx","200","Elevate 4D\Fluxo de Classificacao\CALCULADORA-4D.xlsx","application/vnd.openxmlformats-officedocument.spreadsheetml.sheet"
"https://elevate-4d-hub-git-main-fox-squad-s-projects.vercel.app/Elevate%204D/Fluxo%20de%20Classificacao/PAINEL-PORTFOLIO-4D.xlsx","200","Elevate 4D\Fluxo de Classificacao\PAINEL-PORTFOLIO-4D.xlsx","application/vnd.openxmlformats-officedocument.spreadsheetml.sheet"
"https://elevate-4d-hub-git-main-fox-squad-s-projects.vercel.app/Elevate%204D/Diagnostico%20Estrategico/MODELO-DIAGNOSTICO-ESTRATEGICO-4D.html","200","Elevate 4D\Diagnostico Estrategico\MODELO-DIAGNOSTICO-ESTRATEGICO-4D.html","text/html"
"https://elevate-4d-hub-git-main-fox-squad-s-projects.vercel.app/Comercial/APRESENTACAO-TIKTOK-SHOP.html","200","Comercial\APRESENTACAO-TIKTOK-SHOP.html","text/html"
"https://elevate-4d-hub-git-main-fox-squad-s-projects.vercel.app/Comercial/ROTEIRO-CANVA-APRESENTACAO-TIKTOK.html","200","Comercial\ROTEIRO-CANVA-APRESENTACAO-TIKTOK.html","text/html"
"https://elevate-4d-hub-git-main-fox-squad-s-projects.vercel.app/Comercial/APRESENTACAO-MERCADO-LIVRE.html","200","Comercial\APRESENTACAO-MERCADO-LIVRE.html","text/html"
"https://elevate-4d-hub-git-main-fox-squad-s-projects.vercel.app/Comercial/APRESENTACAO-SHOPEE.html","200","Comercial\APRESENTACAO-SHOPEE.html","text/html"
"https://elevate-4d-hub-git-main-fox-squad-s-projects.vercel.app/Comercial/APRESENTACAO-MARKETPLACES.html","200","Comercial\APRESENTACAO-MARKETPLACES.html","text/html"
"https://elevate-4d-hub-git-main-fox-squad-s-projects.vercel.app/Elevate%204D/Playbook%20de%20Implantacao/PLAYBOOK-IMPLANTACAO-4D.html","200","Elevate 4D\Playbook de Implantacao\PLAYBOOK-IMPLANTACAO-4D.html","text/html"
"https://elevate-4d-hub-git-main-fox-squad-s-projects.vercel.app/Elevate%204D/Playbook%20de%20Implantacao/FLUXO-ONBOARDING.html","200","Elevate 4D\Playbook de Implantacao\FLUXO-ONBOARDING.html","text/html"
"https://elevate-4d-hub-git-main-fox-squad-s-projects.vercel.app/Elevate%204D/Playbook%20de%20Implantacao/GUIA-REUNIOES-CAPACITACAO-4D.html","200","Elevate 4D\Playbook de Implantacao\GUIA-REUNIOES-CAPACITACAO-4D.html","text/html"
"https://elevate-4d-hub-git-main-fox-squad-s-projects.vercel.app/Elevate%204D/Playbook%20de%20Implantacao/CHECKLIST-ONBOARDING-4D.xlsx","200","Elevate 4D\Playbook de Implantacao\CHECKLIST-ONBOARDING-4D.xlsx","application/vnd.openxmlformats-officedocument.spreadsheetml.sheet"
"https://elevate-4d-hub-git-main-fox-squad-s-projects.vercel.app/Elevate%204D/Playbook%20de%20Implantacao/CHECKLIST-INTERNO-CONTA-RODANDO.html","200","Elevate 4D\Playbook de Implantacao\CHECKLIST-INTERNO-CONTA-RODANDO.html","text/html"
"https://elevate-4d-hub-git-main-fox-squad-s-projects.vercel.app/Aulas%20e%20Materiais/index.html","200","Aulas e Materiais\index.html","text/html"
"https://elevate-4d-hub-git-main-fox-squad-s-projects.vercel.app/Landing%20Onboarding/index.html","200","Landing Onboarding\index.html","text/html"
"https://elevate-4d-hub-git-main-fox-squad-s-projects.vercel.app/Elevate%204D/Playbook%20de%20Implantacao/Documentos%20para%20o%20Cliente/KIT-ENTRADA-DOCUMENTOS.html","200","Elevate 4D\Playbook de Implantacao\Documentos para o Cliente\KIT-ENTRADA-DOCUMENTOS.html","text/html"
"https://elevate-4d-hub-git-main-fox-squad-s-projects.vercel.app/Elevate%204D/Playbook%20de%20Implantacao/Documentos%20para%20o%20Cliente/COMO-PREENCHER-PRECIFICACAO.html","200","Elevate 4D\Playbook de Implantacao\Documentos para o Cliente\COMO-PREENCHER-PRECIFICACAO.html","text/html"
"https://elevate-4d-hub-git-main-fox-squad-s-projects.vercel.app/Elevate%204D/Playbook%20de%20Implantacao/Documentos%20para%20o%20Cliente/TUTORIAL-ACESSO-COLABORADOR.html","200","Elevate 4D\Playbook de Implantacao\Documentos para o Cliente\TUTORIAL-ACESSO-COLABORADOR.html","text/html"
"https://elevate-4d-hub-git-main-fox-squad-s-projects.vercel.app/Elevate%204D/Playbook%20de%20Implantacao/Documentos%20para%20o%20Cliente/TUTORIAL-ACESSO-COLABORADOR.pdf","200","Elevate 4D\Playbook de Implantacao\Documentos para o Cliente\TUTORIAL-ACESSO-COLABORADOR.pdf","application/pdf"
"https://elevate-4d-hub-git-main-fox-squad-s-projects.vercel.app/Elevate%204D/Playbook%20de%20Implantacao/Documentos%20para%20o%20Cliente/TUTORIAL-CONECTAR-CONTA-ADS.html","200","Elevate 4D\Playbook de Implantacao\Documentos para o Cliente\TUTORIAL-CONECTAR-CONTA-ADS.html","text/html"
"https://elevate-4d-hub-git-main-fox-squad-s-projects.vercel.app/Elevate%204D/Playbook%20de%20Implantacao/Documentos%20para%20o%20Cliente/TUTORIAL-CONECTAR-ADS-AO-BC-ELEVATE.html","200","Elevate 4D\Playbook de Implantacao\Documentos para o Cliente\TUTORIAL-CONECTAR-ADS-AO-BC-ELEVATE.html","text/html"
"https://elevate-4d-hub-git-main-fox-squad-s-projects.vercel.app/Elevate%204D/Playbook%20de%20Implantacao/Documentos%20para%20o%20Cliente/ONE-PAGER-GROWTH-CAMP.html","200","Elevate 4D\Playbook de Implantacao\Documentos para o Cliente\ONE-PAGER-GROWTH-CAMP.html","text/html"
"https://elevate-4d-hub-git-main-fox-squad-s-projects.vercel.app/Elevate%204D/Playbook%20de%20Implantacao/Documentos%20para%20o%20Cliente/ONE-PAGER-GROWTH-CAMP.pdf","200","Elevate 4D\Playbook de Implantacao\Documentos para o Cliente\ONE-PAGER-GROWTH-CAMP.pdf","application/pdf"
"https://elevate-4d-hub-git-main-fox-squad-s-projects.vercel.app/Elevate%204D/Playbook%20de%20Implantacao/Documentos%20para%20o%20Cliente/TUTORIAL-ACESSO-TIKTOK-STUDIO.html","200","Elevate 4D\Playbook de Implantacao\Documentos para o Cliente\TUTORIAL-ACESSO-TIKTOK-STUDIO.html","text/html"
"https://elevate-4d-hub-git-main-fox-squad-s-projects.vercel.app/Elevate%204D/Playbook%20de%20Implantacao/Documentos%20para%20o%20Cliente/TUTORIAL-CADASTRO-CONTA-BANCARIA.html","200","Elevate 4D\Playbook de Implantacao\Documentos para o Cliente\TUTORIAL-CADASTRO-CONTA-BANCARIA.html","text/html"
"https://elevate-4d-hub-git-main-fox-squad-s-projects.vercel.app/Elevate%204D/Playbook%20de%20Implantacao/Documentos%20para%20o%20Cliente/CHECKLIST-CONTA-RODANDO.html","200","Elevate 4D\Playbook de Implantacao\Documentos para o Cliente\CHECKLIST-CONTA-RODANDO.html","text/html"
"https://elevate-4d-hub-git-main-fox-squad-s-projects.vercel.app/ETOK/GUIA-CADASTRO-ETOK.html","200","ETOK\GUIA-CADASTRO-ETOK.html","text/html"
"https://elevate-4d-hub-git-main-fox-squad-s-projects.vercel.app/Entregaveis/Creators-Master/index.html","200","Entregaveis\Creators-Master\index.html","text/html"
"https://elevate-4d-hub-git-main-fox-squad-s-projects.vercel.app/Entregaveis/Top-Marcas-TikTokShop/index.html","200","Entregaveis\Top-Marcas-TikTokShop\index.html","text/html"
"https://elevate-4d-hub-git-main-fox-squad-s-projects.vercel.app/Entregaveis/Roadmap-TikTokShop/index.html","200","Entregaveis\Roadmap-TikTokShop\index.html","text/html"
"https://elevate-4d-hub-git-main-fox-squad-s-projects.vercel.app/Entregaveis/Metodo-TikTokShop/index.html","200","Entregaveis\Metodo-TikTokShop\index.html","text/html"
"https://elevate-4d-hub-git-main-fox-squad-s-projects.vercel.app/Entregaveis/Comparativo-TikTok-Shop-Jun-Jul/index.html","404","","Not Found"
"https://elevate-4d-hub-git-main-fox-squad-s-projects.vercel.app/Entregaveis/Analise-Nicho-Beleza/index.html","200","Entregaveis\Analise-Nicho-Beleza\index.html","text/html"
"https://elevate-4d-hub-git-main-fox-squad-s-projects.vercel.app/Entregaveis/Analise-Roupas-Femininas/index.html","200","Entregaveis\Analise-Roupas-Femininas\index.html","text/html"
"https://elevate-4d-hub-git-main-fox-squad-s-projects.vercel.app/Entregaveis/Analise-Esportes/index.html","200","Entregaveis\Analise-Esportes\index.html","text/html"
"https://elevate-4d-hub-git-main-fox-squad-s-projects.vercel.app/Entregaveis/Analise-Saude/index.html","200","Entregaveis\Analise-Saude\index.html","text/html"
"https://elevate-4d-hub-git-main-fox-squad-s-projects.vercel.app/Entregaveis/Analise-Telefones-Eletronicos/index.html","200","Entregaveis\Analise-Telefones-Eletronicos\index.html","text/html"
"https://elevate-4d-hub-git-main-fox-squad-s-projects.vercel.app/Entregaveis/Analise-Roupas-Masculinas/index.html","200","Entregaveis\Analise-Roupas-Masculinas\index.html","text/html"
"https://elevate-4d-hub-git-main-fox-squad-s-projects.vercel.app/Entregaveis/Analise-Utensilios-Cozinha/index.html","200","Entregaveis\Analise-Utensilios-Cozinha\index.html","text/html"
"https://elevate-4d-hub-git-main-fox-squad-s-projects.vercel.app/Entregaveis/Analise-Suprimentos-Domesticos/index.html","200","Entregaveis\Analise-Suprimentos-Domesticos\index.html","text/html"
"https://elevate-4d-hub-git-main-fox-squad-s-projects.vercel.app/Entregaveis/Analise-Texteis-Moveis/index.html","200","Entregaveis\Analise-Texteis-Moveis\index.html","text/html"
"https://elevate-4d-hub-git-main-fox-squad-s-projects.vercel.app/Entregaveis/Creators-Acessorios/index.html","200","Entregaveis\Creators-Acessorios\index.html","text/html"
"https://elevate-4d-hub-git-main-fox-squad-s-projects.vercel.app/Entregaveis/Analise-Sapatos/index.html","200","Entregaveis\Analise-Sapatos\index.html","text/html"
"https://elevate-4d-hub-git-main-fox-squad-s-projects.vercel.app/Entregaveis/Analise-Eletrodomesticos/index.html","200","Entregaveis\Analise-Eletrodomesticos\index.html","text/html"
"https://elevate-4d-hub-git-main-fox-squad-s-projects.vercel.app/Entregaveis/Analise-Ferramentas-Hardware/index.html","200","Entregaveis\Analise-Ferramentas-Hardware\index.html","text/html"
"https://elevate-4d-hub-git-main-fox-squad-s-projects.vercel.app/Entregaveis/Analise-Malas-Bolsas/index.html","200","Entregaveis\Analise-Malas-Bolsas\index.html","text/html"
"https://elevate-4d-hub-git-main-fox-squad-s-projects.vercel.app/Entregaveis/Analise-Moda-Infantil/index.html","200","Entregaveis\Analise-Moda-Infantil\index.html","text/html"
"https://elevate-4d-hub-git-main-fox-squad-s-projects.vercel.app/Entregaveis/Analise-Computadores-Escritorio/index.html","200","Entregaveis\Analise-Computadores-Escritorio\index.html","text/html"
"https://elevate-4d-hub-git-main-fox-squad-s-projects.vercel.app/Entregaveis/Analise-Automotivo-Moto/index.html","200","Entregaveis\Analise-Automotivo-Moto\index.html","text/html"
"https://elevate-4d-hub-git-main-fox-squad-s-projects.vercel.app/Entregaveis/Analise-Reformas-Residenciais/index.html","200","Entregaveis\Analise-Reformas-Residenciais\index.html","text/html"
"https://elevate-4d-hub-git-main-fox-squad-s-projects.vercel.app/Entregaveis/Analise-Alimentos-Bebidas/index.html","200","Entregaveis\Analise-Alimentos-Bebidas\index.html","text/html"
"https://elevate-4d-hub-git-main-fox-squad-s-projects.vercel.app/Entregaveis/Analise-Livros-Revistas/index.html","200","Entregaveis\Analise-Livros-Revistas\index.html","text/html"
"https://elevate-4d-hub-git-main-fox-squad-s-projects.vercel.app/Entregaveis/Analise-Brinquedos-Passatempos/index.html","200","Entregaveis\Analise-Brinquedos-Passatempos\index.html","text/html"
"https://elevate-4d-hub-git-main-fox-squad-s-projects.vercel.app/Entregaveis/Analise-Joias-Acessorios/index.html","200","Entregaveis\Analise-Joias-Acessorios\index.html","text/html"
"https://elevate-4d-hub-git-main-fox-squad-s-projects.vercel.app/Entregaveis/Analise-Moveis/index.html","200","Entregaveis\Analise-Moveis\index.html","text/html"
"https://elevate-4d-hub-git-main-fox-squad-s-projects.vercel.app/Entregaveis/Analise-Pet/index.html","200","Entregaveis\Analise-Pet\index.html","text/html"
"https://elevate-4d-hub-git-main-fox-squad-s-projects.vercel.app/Entregaveis/Analise-Bebe-Maternidade/index.html","200","Entregaveis\Analise-Bebe-Maternidade\index.html","text/html"
"https://elevate-4d-hub-git-main-fox-squad-s-projects.vercel.app/Entregaveis/Analise-Colecionaveis/index.html","200","Entregaveis\Analise-Colecionaveis\index.html","text/html"
"https://elevate-4d-hub-git-main-fox-squad-s-projects.vercel.app/Entregaveis/Analise-Moda-Muculmana/index.html","200","Entregaveis\Analise-Moda-Muculmana\index.html","text/html"
"https://elevate-4d-hub-git-main-fox-squad-s-projects.vercel.app/Entregaveis/Analise-Lirios-Store/index.html","200","Entregaveis\Analise-Lirios-Store\index.html","text/html"
"https://elevate-4d-hub-git-main-fox-squad-s-projects.vercel.app/Entregaveis/Mapa-Oportunidade-Categorias/Mapa_Oportunidade.html","200","Entregaveis\Mapa-Oportunidade-Categorias\Mapa_Oportunidade.html","text/html"
"https://elevate-4d-hub-git-main-fox-squad-s-projects.vercel.app/Entregaveis/Mapa-Oportunidade-Categorias/Mapa_Oportunidade.pdf","200","Entregaveis\Mapa-Oportunidade-Categorias\Mapa_Oportunidade.pdf","application/pdf"
"https://elevate-4d-hub-git-main-fox-squad-s-projects.vercel.app/index.html","200","index.html","text/html"
"https://elevate-4d-hub-git-main-fox-squad-s-projects.vercel.app/Elevate%204D/Aplicacoes%20(exemplos)/Mossy%20Brand/analise-elevate-4d-mossy-brand-2026-06-11.html","200","Elevate 4D\Aplicacoes (exemplos)\Mossy Brand\analise-elevate-4d-mossy-brand-2026-06-11.html","text/html"
"https://elevate-4d-hub-git-main-fox-squad-s-projects.vercel.app/Elevate%204D/Aplicacoes%20(exemplos)/Peach%20Up/analise-elevate-4d-peachup-2026-06-11.html","200","Elevate 4D\Aplicacoes (exemplos)\Peach Up\analise-elevate-4d-peachup-2026-06-11.html","text/html"
"https://elevate-4d-hub-git-main-fox-squad-s-projects.vercel.app/Elevate%204D/Aplicacoes%20(exemplos)/","404","","Not Found"
"https://elevate-4d-hub-git-main-fox-squad-s-projects.vercel.app/Elevate%204D/Fluxo%20de%20Classificacao/SUPABASE-SETUP-4D.html","200","Elevate 4D\Fluxo de Classificacao\SUPABASE-SETUP-4D.html","text/html"
"https://elevate-4d-hub-git-main-fox-squad-s-projects.vercel.app/mercadolivre/README.md","404","","Not Found"
"https://elevate-4d-hub-git-main-fox-squad-s-projects.vercel.app/Elevate%204D/One-Pager/ELEVATE-4D-ONE-PAGER.pdf","200","Elevate 4D\One-Pager\ELEVATE-4D-ONE-PAGER.pdf","application/pdf"
"https://elevate-4d-hub-git-main-fox-squad-s-projects.vercel.app/Elevate%204D/Fluxo%20de%20Classificacao/","404","","Not Found"
"https://elevate-4d-hub-git-main-fox-squad-s-projects.vercel.app/Elevate%204D/Playbook%20de%20Implantacao/Documentos%20para%20o%20Cliente/","404","","Not Found"
"https://elevate-4d-hub-git-main-fox-squad-s-projects.vercel.app/Formacao/prints/reputacao-ml.png","200","Formacao\prints\reputacao-ml.png","image/png"
"https://elevate-4d-hub-git-main-fox-squad-s-projects.vercel.app/Formacao/prints/full-inbound-ml.png","200","Formacao\prints\full-inbound-ml.png","image/png"
"https://elevate-4d-hub-git-main-fox-squad-s-projects.vercel.app/Formacao/prints/full-estoque-ml.png","200","Formacao\prints\full-estoque-ml.png","image/png"
"https://elevate-4d-hub-git-main-fox-squad-s-projects.vercel.app/Formacao/prints/full-planejamento-ml.png","200","Formacao\prints\full-planejamento-ml.png","image/png"
"https://elevate-4d-hub-git-main-fox-squad-s-projects.vercel.app/Formacao/prints/full-custos-antigo-ml.png","200","Formacao\prints\full-custos-antigo-ml.png","image/png"
"https://elevate-4d-hub-git-main-fox-squad-s-projects.vercel.app/Formacao/live-prints/img-criativos.png","200","Formacao\live-prints\img-criativos.png","image/png"
"https://elevate-4d-hub-git-main-fox-squad-s-projects.vercel.app/Formacao/live-prints/img-gmvmax-criar.png","200","Formacao\live-prints\img-gmvmax-criar.png","image/png"
"https://elevate-4d-hub-git-main-fox-squad-s-projects.vercel.app/Formacao/live-prints/img-gmvmax-criativos.png","200","Formacao\live-prints\img-gmvmax-criativos.png","image/png"
"https://elevate-4d-hub-git-main-fox-squad-s-projects.vercel.app/Formacao/live-prints/img-gmvmax-painel.png","200","Formacao\live-prints\img-gmvmax-painel.png","image/png"
"https://elevate-4d-hub-git-main-fox-squad-s-projects.vercel.app/Formacao/live-prints/img-flash.png","200","Formacao\live-prints\img-flash.png","image/png"
"https://elevate-4d-hub-git-main-fox-squad-s-projects.vercel.app/Formacao/live-prints/img-promo.png","200","Formacao\live-prints\img-promo.png","image/png"
"https://elevate-4d-hub-git-main-fox-squad-s-projects.vercel.app/Formacao/live-prints/img-console.png","200","Formacao\live-prints\img-console.png","image/png"
"https://elevate-4d-hub-git-main-fox-squad-s-projects.vercel.app/Formacao/live-prints/img-dashboard.png","200","Formacao\live-prints\img-dashboard.png","image/png"
"https://elevate-4d-hub-git-main-fox-squad-s-projects.vercel.app/Formacao/Live%20que%20Vende/Programa-Formacao-Live-que-Vende.pdf","200","Formacao\Live que Vende\Programa-Formacao-Live-que-Vende.pdf","application/pdf"
"https://elevate-4d-hub-git-main-fox-squad-s-projects.vercel.app/Formacao/Live%20que%20Vende/Proposta-Formacao-Live-que-Vende.pdf","200","Formacao\Live que Vende\Proposta-Formacao-Live-que-Vende.pdf","application/pdf"
"https://elevate-4d-hub-git-main-fox-squad-s-projects.vercel.app/Formacao/Live%20que%20Vende/Guia-Setup-Equipamentos.pdf","200","Formacao\Live que Vende\Guia-Setup-Equipamentos.pdf","application/pdf"
"https://elevate-4d-hub-git-main-fox-squad-s-projects.vercel.app/Elevate%204D/Fluxo%20de%20Classificacao/vendor/xlsx.full.min.js","200","Elevate 4D\Fluxo de Classificacao\vendor\xlsx.full.min.js","application/javascript"
"https://elevate-4d-hub-git-main-fox-squad-s-projects.vercel.app/Elevate%204D/Fluxo%20de%20Classificacao/entrada-config.js","200","Elevate 4D\Fluxo de Classificacao\entrada-config.js","application/javascript"
"https://elevate-4d-hub-git-main-fox-squad-s-projects.vercel.app/Elevate%204D/Fluxo%20de%20Classificacao/blob","404","","Not Found"
"https://elevate-4d-hub-git-main-fox-squad-s-projects.vercel.app/Elevate%204D/Fluxo%20de%20Classificacao/url","404","","Not Found"
"https://elevate-4d-hub-git-main-fox-squad-s-projects.vercel.app/Comercial/prints/TIKTOK/saint.png","200","Comercial\prints\TIKTOK\saint.png","image/png"
"https://elevate-4d-hub-git-main-fox-squad-s-projects.vercel.app/Comercial/prints/TIKTOK/hiven.jpg","200","Comercial\prints\TIKTOK\hiven.jpg","image/jpeg"
"https://elevate-4d-hub-git-main-fox-squad-s-projects.vercel.app/Comercial/prints/TIKTOK/lirios.jpg","200","Comercial\prints\TIKTOK\lirios.jpg","image/jpeg"
"https://elevate-4d-hub-git-main-fox-squad-s-projects.vercel.app/Comercial/prints/TIKTOK/ysy.jpg","200","Comercial\prints\TIKTOK\ysy.jpg","image/jpeg"
"https://elevate-4d-hub-git-main-fox-squad-s-projects.vercel.app/Comercial/prints/TIKTOK/nouf.jpg","200","Comercial\prints\TIKTOK\nouf.jpg","image/jpeg"
"https://elevate-4d-hub-git-main-fox-squad-s-projects.vercel.app/Comercial/prints/TIKTOK/mossy.jpg","200","Comercial\prints\TIKTOK\mossy.jpg","image/jpeg"
"https://elevate-4d-hub-git-main-fox-squad-s-projects.vercel.app/Comercial/prints/TIKTOK/pangeia.jpg","200","Comercial\prints\TIKTOK\pangeia.jpg","image/jpeg"
"https://elevate-4d-hub-git-main-fox-squad-s-projects.vercel.app/Comercial/prints/TIKTOK/pangeia-story.jpg","200","Comercial\prints\TIKTOK\pangeia-story.jpg","image/jpeg"
"https://elevate-4d-hub-git-main-fox-squad-s-projects.vercel.app/Comercial/videos/depoimento-1.mp4","200","Comercial\videos\depoimento-1.mp4","video/mp4"
"https://elevate-4d-hub-git-main-fox-squad-s-projects.vercel.app/Comercial/videos/depoimento-3.mp4","200","Comercial\videos\depoimento-3.mp4","video/mp4"
"https://elevate-4d-hub-git-main-fox-squad-s-projects.vercel.app/Comercial/videos/depoimento-2.mp4","200","Comercial\videos\depoimento-2.mp4","video/mp4"
"https://elevate-4d-hub-git-main-fox-squad-s-projects.vercel.app/Comercial/prints/Meli/meli-3.jpeg","200","Comercial\prints\Meli\meli-3.jpeg","image/jpeg"
"https://elevate-4d-hub-git-main-fox-squad-s-projects.vercel.app/Comercial/prints/Meli/meli-6.jpeg","200","Comercial\prints\Meli\meli-6.jpeg","image/jpeg"
"https://elevate-4d-hub-git-main-fox-squad-s-projects.vercel.app/Comercial/prints/Meli/meli-1.jpg","200","Comercial\prints\Meli\meli-1.jpg","image/jpeg"
"https://elevate-4d-hub-git-main-fox-squad-s-projects.vercel.app/Comercial/prints/Meli/meli-4.jpg","200","Comercial\prints\Meli\meli-4.jpg","image/jpeg"
"https://elevate-4d-hub-git-main-fox-squad-s-projects.vercel.app/Comercial/prints/Meli/meli-2.jpg","200","Comercial\prints\Meli\meli-2.jpg","image/jpeg"
"https://elevate-4d-hub-git-main-fox-squad-s-projects.vercel.app/Comercial/prints/Meli/meli-5.jpg","200","Comercial\prints\Meli\meli-5.jpg","image/jpeg"
"https://elevate-4d-hub-git-main-fox-squad-s-projects.vercel.app/Comercial/prints/Shopee/Saint%20Germain.jpeg","200","Comercial\prints\Shopee\Saint Germain.jpeg","image/jpeg"
"https://elevate-4d-hub-git-main-fox-squad-s-projects.vercel.app/Comercial/prints/Shopee/WT%20Personalizados.jpeg","200","Comercial\prints\Shopee\WT Personalizados.jpeg","image/jpeg"
"https://elevate-4d-hub-git-main-fox-squad-s-projects.vercel.app/Comercial/prints/Shopee/My%20modas.jpeg","200","Comercial\prints\Shopee\My modas.jpeg","image/jpeg"
"https://elevate-4d-hub-git-main-fox-squad-s-projects.vercel.app/Comercial/prints/Shopee/Not-me%20shoes.jpeg","200","Comercial\prints\Shopee\Not-me shoes.jpeg","image/jpeg"
"https://elevate-4d-hub-git-main-fox-squad-s-projects.vercel.app/Comercial/prints/Shopee/Hiven.jpeg","200","Comercial\prints\Shopee\Hiven.jpeg","image/jpeg"
"https://elevate-4d-hub-git-main-fox-squad-s-projects.vercel.app/Comercial/prints/Shopee/Livny.jpeg","200","Comercial\prints\Shopee\Livny.jpeg","image/jpeg"
"https://elevate-4d-hub-git-main-fox-squad-s-projects.vercel.app/Comercial/prints/Shopee/Argennti.jpeg","200","Comercial\prints\Shopee\Argennti.jpeg","image/jpeg"
"https://elevate-4d-hub-git-main-fox-squad-s-projects.vercel.app/Comercial/prints/Shopee/Dilla.jpeg","200","Comercial\prints\Shopee\Dilla.jpeg","image/jpeg"
"https://elevate-4d-hub-git-main-fox-squad-s-projects.vercel.app/Comercial/prints/Shopee/Destak.jpeg","200","Comercial\prints\Shopee\Destak.jpeg","image/jpeg"
"https://elevate-4d-hub-git-main-fox-squad-s-projects.vercel.app/Comercial/prints/Shopee/P%C3%A9tala%20Beauty.jpeg","200","Comercial\prints\Shopee\Pétala Beauty.jpeg","image/jpeg"
"https://elevate-4d-hub-git-main-fox-squad-s-projects.vercel.app/Comercial/prints/Shopee/Nouf.jpeg","200","Comercial\prints\Shopee\Nouf.jpeg","image/jpeg"
"https://elevate-4d-hub-git-main-fox-squad-s-projects.vercel.app/Comercial/prints/Shopee/Ela%20Up.jpeg","200","Comercial\prints\Shopee\Ela Up.jpeg","image/jpeg"
"https://elevate-4d-hub-git-main-fox-squad-s-projects.vercel.app/Aulas%20e%20Materiais/01-onboarding-fundamentos-tts.html","200","Aulas e Materiais\01-onboarding-fundamentos-tts.html","text/html"
"https://elevate-4d-hub-git-main-fox-squad-s-projects.vercel.app/Aulas%20e%20Materiais/02-catalogo-oferta-precificacao.html","200","Aulas e Materiais\02-catalogo-oferta-precificacao.html","text/html"
"https://elevate-4d-hub-git-main-fox-squad-s-projects.vercel.app/Aulas%20e%20Materiais/03-trafego-boost.html","200","Aulas e Materiais\03-trafego-boost.html","text/html"
"https://elevate-4d-hub-git-main-fox-squad-s-projects.vercel.app/Aulas%20e%20Materiais/04-creators-afiliados.html","200","Aulas e Materiais\04-creators-afiliados.html","text/html"
"https://elevate-4d-hub-git-main-fox-squad-s-projects.vercel.app/Aulas%20e%20Materiais/05-lives-live-commerce.html","200","Aulas e Materiais\05-lives-live-commerce.html","text/html"
"https://elevate-4d-hub-git-main-fox-squad-s-projects.vercel.app/Aulas%20e%20Materiais/06-conteudo-que-vende.html","200","Aulas e Materiais\06-conteudo-que-vende.html","text/html"
"https://elevate-4d-hub-git-main-fox-squad-s-projects.vercel.app/Aulas%20e%20Materiais/07-ferramentas-promocoes.html","200","Aulas e Materiais\07-ferramentas-promocoes.html","text/html"
"https://elevate-4d-hub-git-main-fox-squad-s-projects.vercel.app/Aulas%20e%20Materiais/08-dados-logistica-fechamento-tts.html","200","Aulas e Materiais\08-dados-logistica-fechamento-tts.html","text/html"
"https://elevate-4d-hub-git-main-fox-squad-s-projects.vercel.app/Aulas%20e%20Materiais/conta-bancaria.html","200","Aulas e Materiais\conta-bancaria.html","text/html"
"https://elevate-4d-hub-git-main-fox-squad-s-projects.vercel.app/Aulas%20e%20Materiais/acesso-colaborador.html","200","Aulas e Materiais\acesso-colaborador.html","text/html"
"https://elevate-4d-hub-git-main-fox-squad-s-projects.vercel.app/Aulas%20e%20Materiais/autorizacao-ads-creator.html","200","Aulas e Materiais\autorizacao-ads-creator.html","text/html"
"https://elevate-4d-hub-git-main-fox-squad-s-projects.vercel.app/Landing%20Onboarding/fotos-equipe/talisson.jpg","200","Landing Onboarding\fotos-equipe\talisson.jpg","image/jpeg"
"https://elevate-4d-hub-git-main-fox-squad-s-projects.vercel.app/Landing%20Onboarding/fotos-equipe/klyver.jpg","200","Landing Onboarding\fotos-equipe\klyver.jpg","image/jpeg"
"https://elevate-4d-hub-git-main-fox-squad-s-projects.vercel.app/Landing%20Onboarding/fotos-equipe/lorena.jpg","200","Landing Onboarding\fotos-equipe\lorena.jpg","image/jpeg"
"https://elevate-4d-hub-git-main-fox-squad-s-projects.vercel.app/Landing%20Onboarding/fotos-equipe/lucas-munhoz.jpg","200","Landing Onboarding\fotos-equipe\lucas-munhoz.jpg","image/jpeg"
"https://elevate-4d-hub-git-main-fox-squad-s-projects.vercel.app/Landing%20Onboarding/fotos-equipe/luis-filippe.jpg","200","Landing Onboarding\fotos-equipe\luis-filippe.jpg","image/jpeg"
"https://elevate-4d-hub-git-main-fox-squad-s-projects.vercel.app/Landing%20Onboarding/fotos-equipe/guilherme.jpg","200","Landing Onboarding\fotos-equipe\guilherme.jpg","image/jpeg"
"https://elevate-4d-hub-git-main-fox-squad-s-projects.vercel.app/Landing%20Onboarding/fotos-equipe/davi.jpg","200","Landing Onboarding\fotos-equipe\davi.jpg","image/jpeg"
"https://elevate-4d-hub-git-main-fox-squad-s-projects.vercel.app/Landing%20Onboarding/fotos-equipe/vinicius.jpg","200","Landing Onboarding\fotos-equipe\vinicius.jpg","image/jpeg"
"https://elevate-4d-hub-git-main-fox-squad-s-projects.vercel.app/Landing%20Onboarding/fotos-equipe/leandro.jpg","404","","Not Found"
"https://elevate-4d-hub-git-main-fox-squad-s-projects.vercel.app/Landing%20Onboarding/fotos-equipe/lucas-mateus.jpg","404","","Not Found"
"https://elevate-4d-hub-git-main-fox-squad-s-projects.vercel.app/Landing%20Onboarding/img-funil/p03.jpg","200","Landing Onboarding\img-funil\p03.jpg","image/jpeg"
"https://elevate-4d-hub-git-main-fox-squad-s-projects.vercel.app/Landing%20Onboarding/img-funil/p05.jpg","200","Landing Onboarding\img-funil\p05.jpg","image/jpeg"
"https://elevate-4d-hub-git-main-fox-squad-s-projects.vercel.app/Landing%20Onboarding/img-funil/p15.jpg","200","Landing Onboarding\img-funil\p15.jpg","image/jpeg"
"https://elevate-4d-hub-git-main-fox-squad-s-projects.vercel.app/Landing%20Onboarding/img-funil/p16.jpg","200","Landing Onboarding\img-funil\p16.jpg","image/jpeg"
"https://elevate-4d-hub-git-main-fox-squad-s-projects.vercel.app/Landing%20Onboarding/img-funil/p17.jpg","200","Landing Onboarding\img-funil\p17.jpg","image/jpeg"
"https://elevate-4d-hub-git-main-fox-squad-s-projects.vercel.app/Landing%20Onboarding/img-funil/p18.jpg","200","Landing Onboarding\img-funil\p18.jpg","image/jpeg"
"https://elevate-4d-hub-git-main-fox-squad-s-projects.vercel.app/Landing%20Onboarding/img-funil/p19.jpg","200","Landing Onboarding\img-funil\p19.jpg","image/jpeg"
"https://elevate-4d-hub-git-main-fox-squad-s-projects.vercel.app/Landing%20Onboarding/img-funil/p20.jpg","200","Landing Onboarding\img-funil\p20.jpg","image/jpeg"
"https://elevate-4d-hub-git-main-fox-squad-s-projects.vercel.app/Landing%20Onboarding/img-funil/p21.jpg","200","Landing Onboarding\img-funil\p21.jpg","image/jpeg"
"https://elevate-4d-hub-git-main-fox-squad-s-projects.vercel.app/Landing%20Onboarding/img-funil/p22.jpg","200","Landing Onboarding\img-funil\p22.jpg","image/jpeg"
"https://elevate-4d-hub-git-main-fox-squad-s-projects.vercel.app/Landing%20Onboarding/img-funil/p23.jpg","200","Landing Onboarding\img-funil\p23.jpg","image/jpeg"
"https://elevate-4d-hub-git-main-fox-squad-s-projects.vercel.app/Landing%20Onboarding/img-funil/p29.jpg","200","Landing Onboarding\img-funil\p29.jpg","image/jpeg"
"https://elevate-4d-hub-git-main-fox-squad-s-projects.vercel.app/Landing%20Onboarding/$%7BSHEET%7D","404","","Not Found"
"https://elevate-4d-hub-git-main-fox-squad-s-projects.vercel.app/Elevate%204D/Playbook%20de%20Implantacao/Documentos%20para%20o%20Cliente/prints-conectar-ads/passo1-partners.png","200","Elevate 4D\Playbook de Implantacao\Documentos para o Cliente\prints-conectar-ads\passo1-partners.png","image/png"
"https://elevate-4d-hub-git-main-fox-squad-s-projects.vercel.app/Elevate%204D/Playbook%20de%20Implantacao/Documentos%20para%20o%20Cliente/prints-conectar-ads/passo2-add-partner.png","200","Elevate 4D\Playbook de Implantacao\Documentos para o Cliente\prints-conectar-ads\passo2-add-partner.png","image/png"
"https://elevate-4d-hub-git-main-fox-squad-s-projects.vercel.app/Elevate%204D/Playbook%20de%20Implantacao/Documentos%20para%20o%20Cliente/prints-conectar-ads/passo3-id.png","200","Elevate 4D\Playbook de Implantacao\Documentos para o Cliente\prints-conectar-ads\passo3-id.png","image/png"
"https://elevate-4d-hub-git-main-fox-squad-s-projects.vercel.app/Elevate%204D/Playbook%20de%20Implantacao/Documentos%20para%20o%20Cliente/prints-conectar-ads/passo4-verificacao.png","200","Elevate 4D\Playbook de Implantacao\Documentos para o Cliente\prints-conectar-ads\passo4-verificacao.png","image/png"
"https://elevate-4d-hub-git-main-fox-squad-s-projects.vercel.app/Elevate%204D/Playbook%20de%20Implantacao/Documentos%20para%20o%20Cliente/prints-conectar-ads/passo5-advertiser-admin.png","200","Elevate 4D\Playbook de Implantacao\Documentos para o Cliente\prints-conectar-ads\passo5-advertiser-admin.png","image/png"
"https://elevate-4d-hub-git-main-fox-squad-s-projects.vercel.app/Elevate%204D/Playbook%20de%20Implantacao/Documentos%20para%20o%20Cliente/prints-conectar-ads/passo6-pixels.png","200","Elevate 4D\Playbook de Implantacao\Documentos para o Cliente\prints-conectar-ads\passo6-pixels.png","image/png"
"https://elevate-4d-hub-git-main-fox-squad-s-projects.vercel.app/Elevate%204D/Playbook%20de%20Implantacao/Documentos%20para%20o%20Cliente/prints-conectar-ads/passo7-shops.png","200","Elevate 4D\Playbook de Implantacao\Documentos para o Cliente\prints-conectar-ads\passo7-shops.png","image/png"
"https://elevate-4d-hub-git-main-fox-squad-s-projects.vercel.app/Elevate%204D/Playbook%20de%20Implantacao/Documentos%20para%20o%20Cliente/prints-conectar-ads/passo8-pronto.png","200","Elevate 4D\Playbook de Implantacao\Documentos para o Cliente\prints-conectar-ads\passo8-pronto.png","image/png"
"https://elevate-4d-hub-git-main-fox-squad-s-projects.vercel.app/Elevate%204D/Playbook%20de%20Implantacao/Documentos%20para%20o%20Cliente/banner-growth-camp.png","200","Elevate 4D\Playbook de Implantacao\Documentos para o Cliente\banner-growth-camp.png","image/png"
"https://elevate-4d-hub-git-main-fox-squad-s-projects.vercel.app/Entregaveis/Creators-Master/creators.xlsx","200","Entregaveis\Creators-Master\creators.xlsx","application/vnd.openxmlformats-officedocument.spreadsheetml.sheet"
"https://elevate-4d-hub-git-main-fox-squad-s-projects.vercel.app/Entregaveis/Analise-Lirios-Store/img/ref-look-verao-listrado.jpg","200","Entregaveis\Analise-Lirios-Store\img\ref-look-verao-listrado.jpg","image/jpeg"
"https://elevate-4d-hub-git-main-fox-squad-s-projects.vercel.app/Entregaveis/Analise-Lirios-Store/img/ref-hering-verao.jpg","200","Entregaveis\Analise-Lirios-Store\img\ref-hering-verao.jpg","image/jpeg"
"https://elevate-4d-hub-git-main-fox-squad-s-projects.vercel.app/Entregaveis/Analise-Lirios-Store/img/ref-macaquinho-marrom.jpg","200","Entregaveis\Analise-Lirios-Store\img\ref-macaquinho-marrom.jpg","image/jpeg"
"https://elevate-4d-hub-git-main-fox-squad-s-projects.vercel.app/Entregaveis/Analise-Lirios-Store/img/ref-look-amarelo.jpg","200","Entregaveis\Analise-Lirios-Store\img\ref-look-amarelo.jpg","image/jpeg"
"https://elevate-4d-hub-git-main-fox-squad-s-projects.vercel.app/Entregaveis/Analise-Lirios-Store/img/ref-conjunto-preto.jpg","200","Entregaveis\Analise-Lirios-Store\img\ref-conjunto-preto.jpg","image/jpeg"
"https://elevate-4d-hub-git-main-fox-squad-s-projects.vercel.app/Elevate%204D/Aplicacoes%20(exemplos)/Mossy%20Brand/diagnostico-mossy-brand-2026-05-21.html","404","","Not Found"
"https://elevate-4d-hub-git-main-fox-squad-s-projects.vercel.app/Elevate%204D/Aplicacoes%20(exemplos)/Intake/intake-mossy-brand-2026-05-13.html","404","","Not Found"
"https://elevate-4d-hub-git-main-fox-squad-s-projects.vercel.app/Elevate%204D/Aplicacoes%20(exemplos)/Estudo%20Financeiro/estudo-financeiro-mossy-brand-2026-05-21.html","404","","Not Found"
"https://elevate-4d-hub-git-main-fox-squad-s-projects.vercel.app/Elevate%204D/Aplicacoes%20(exemplos)/Peach%20Up/diagnostico-peachup-2026-05-07.html","404","","Not Found"
"https://elevate-4d-hub-git-main-fox-squad-s-projects.vercel.app/Aulas%20e%20Materiais/slides/tts-15.png","200","Aulas e Materiais\slides\tts-15.png","image/png"
"https://elevate-4d-hub-git-main-fox-squad-s-projects.vercel.app/Aulas%20e%20Materiais/slides/tts-16.png","200","Aulas e Materiais\slides\tts-16.png","image/png"
"https://elevate-4d-hub-git-main-fox-squad-s-projects.vercel.app/Aulas%20e%20Materiais/slides/tts-17.png","200","Aulas e Materiais\slides\tts-17.png","image/png"
"https://elevate-4d-hub-git-main-fox-squad-s-projects.vercel.app/Aulas%20e%20Materiais/slides/tts-18.png","200","Aulas e Materiais\slides\tts-18.png","image/png"
"https://elevate-4d-hub-git-main-fox-squad-s-projects.vercel.app/Aulas%20e%20Materiais/slides/tts-19.png","200","Aulas e Materiais\slides\tts-19.png","image/png"
"https://elevate-4d-hub-git-main-fox-squad-s-projects.vercel.app/Aulas%20e%20Materiais/slides/tts-20.png","200","Aulas e Materiais\slides\tts-20.png","image/png"
"https://elevate-4d-hub-git-main-fox-squad-s-projects.vercel.app/Aulas%20e%20Materiais/slides/tts-21.png","200","Aulas e Materiais\slides\tts-21.png","image/png"
"https://elevate-4d-hub-git-main-fox-squad-s-projects.vercel.app/Aulas%20e%20Materiais/slides/tts-22.png","200","Aulas e Materiais\slides\tts-22.png","image/png"
"https://elevate-4d-hub-git-main-fox-squad-s-projects.vercel.app/Aulas%20e%20Materiais/slides/tts-23.png","200","Aulas e Materiais\slides\tts-23.png","image/png"
"https://elevate-4d-hub-git-main-fox-squad-s-projects.vercel.app/Aulas%20e%20Materiais/slides/tts-29.png","200","Aulas e Materiais\slides\tts-29.png","image/png"
"https://elevate-4d-hub-git-main-fox-squad-s-projects.vercel.app/Aulas%20e%20Materiais/slides/tts-03.png","200","Aulas e Materiais\slides\tts-03.png","image/png"
"https://elevate-4d-hub-git-main-fox-squad-s-projects.vercel.app/Aulas%20e%20Materiais/slides/tts-05.png","200","Aulas e Materiais\slides\tts-05.png","image/png"
